eBike,Pos,No.,Name,Team,Class,Time,Behind,Run 1,Run 2,Run 3,Run 4,Run 5,Run 6,Stage 1  : Best,,Run 1,Run 2,Run 3,Run 4,Run 5,,Stage 2: Best,Run 1,Run 2,Run 3,Run 4,,,Stage 3: Best,,,,,,,,,,,,,,,,,,
0,1st,367,Cai Grocott,Nukeproof hotlines Vittoria,Manual | Male Elite,04:32.5, ,01:39.7,01:37.5,01:46.7, , , ,01:37.5,1st, ,02:02.2,04:59.3,01:55.7, , ,01:55.7,3rd,+0:01.45,01:02.1,00:59.3, , ,00:59.3,3rd,+0:00.79,,,,,,,,,,,,,,,,
0,2nd,210,Ross Hancock,UK Scott Sports UK,Manual | Male Elite,04:33.6,+0:01.10,01:43.8,01:40.7,01:39.3, , , ,01:39.3,2nd,+0:01.75,02:08.1,01:55.4, , , ,01:55.4,2nd,+0:01.14,01:01.3,00:58.9, , ,00:58.9,2nd,+0:00.45,,,,,,,,,,,,,,,,
0,3rd,264,Charlie Collins, ,Manual | Male Master,04:36.6,+0:04.16,02:51.2,01:50.1,01:41.0, , , ,01:41.0,5th,+0:03.49,02:28.6,01:59.2,01:57.2, , ,01:57.2,5th,+0:02.91,01:11.9,01:00.7,00:58.5, ,00:58.5,1st, ,,,,,,,,,,,,,,,,
0,4th,167,Ben Jones,Ec Cycles,Manual | Male Elite,04:37.5,+0:05.07,01:54.1,01:46.9,01:42.2,01:40.9, , ,01:40.9,4th,+0:03.38,02:05.6,01:58.4,02:06.1,01:57.1, ,01:57.1,4th,+0:02.84,01:02.9,01:01.4,00:59.5, ,00:59.5,4th,+0:01.09,,,,,,,,,,,,,,,,
0,5th,247,Henry Crease, ,Manual | Male Elite,04:38.6,+0:06.15,01:47.5,01:42.2,01:41.5, , , ,01:41.5,6th,+0:03.99,02:03.1,01:59.6,01:54.3, , ,01:54.3,1st, ,01:05.1,01:02.9, , ,01:02.9,7th,+0:04.40,,,,,,,,,,,,,,,,
0,6th,397,Freddy Birchill, ,Manual | Male Elite,04:44.3,+0:11.88,02:34.0,01:46.5,01:44.0, , , ,01:44.0,7th,+0:06.44,02:10.4,01:58.7,02:03.5,02:08.6, ,01:58.7,6th,+0:04.50,01:03.3,01:01.6, , ,01:01.6,5th,+0:03.18,,,,,,,,,,,,,,,,
0,7th,331,Chris Hulley, ,Manual | Male Senior,04:45.7,+0:13.24,01:45.4,01:42.2,01:40.1, , , ,01:40.1,3rd,+0:02.58,04:04.6,02:01.6, , , ,02:01.6,9th,+0:07.36,01:10.7,01:08.3,01:04.0, ,01:04.0,12th,+0:05.54,,,,,,,,,,,,,,,,
0,8th,398,Tod Buchanan,"Pinned TV, Tweed cycles",Manual | Male U18,04:51.0,+0:18.55,01:58.3,01:50.1,01:46.8, , , ,01:46.8,10th,+0:09.24,02:07.8,02:04.2,02:00.6, , ,02:00.6,7th,+0:06.36,01:08.2,01:07.0,01:03.6, ,01:03.6,9th,+0:05.19,,,,,,,,,,,,,,,,
0,9th,87,Tom Fryer, ,Manual | Male Veteran,04:55.5,+0:23.02,01:56.3,01:51.2,01:50.3,01:49.2, , ,01:49.2,19th,+0:11.70,02:09.1,02:15.0,02:02.2,02:07.9, ,02:02.2,10th,+0:07.96,01:04.8,01:04.1, , ,01:04.1,13th,+0:05.60,,,,,,,,,,,,,,,,
0,10th,348,Andrew Titley,Intense Racing UK,Manual | Male Veteran,04:55.8,+0:23.35,01:50.5,01:47.1, , , , ,01:47.1,11th,+0:09.59,02:47.0,02:04.6, , , ,02:04.6,16th,+0:10.31,01:04.3,01:04.2, , ,01:04.2,14th,+0:05.69,,,,,,,,,,,,,,,,
0,11th,186,Greg Berry,Hot Pursuit Cycles,Manual | Male Elite,04:56.3,+0:23.87,02:06.7,01:49.2, , , , ,01:49.2,18th,+0:11.64,02:18.9,02:04.7,02:03.4, , ,02:03.4,11th,+0:09.14,01:10.1,01:03.8,01:08.5, ,01:03.8,10th,+0:05.33,,,,,,,,,,,,,,,,
0,12th,277,Josh JefferyInstagram, ,Manual | Male U18,04:56.4,+0:23.95,02:21.1,01:54.4,01:49.9,01:48.4,01:45.2, ,01:45.2,8th,+0:07.70,02:05.3,02:05.7, , , ,02:05.3,17th,+0:11.10,01:05.8, , , ,01:05.8,26th=,+0:07.39,,,,,,,,,,,,,,,,
0,13th,209,James Mcdouall,Hot Pursuit Cycles,Manual | Male Senior,04:56.7,+0:24.19,01:55.4,01:50.5,01:46.1, , , ,01:46.1,9th,+0:08.60,02:15.1,02:05.7, , , ,02:05.7,18th,+0:11.44,01:08.4,01:07.8,01:04.9, ,01:04.9,16th=,+0:06.39,,,,,,,,,,,,,,,,
0,14th,253,Martin Davies,The Trailhead Bicycle Company,Manual | Male Master,04:56.7,+0:24.24,01:59.3,01:52.4, , , , ,01:52.4,32nd=,+0:14.84,02:21.9,02:06.3,02:01.4, , ,02:01.4,8th,+0:07.15,01:06.3,01:02.9, , ,01:02.9,8th,+0:04.49,,,,,,,,,,,,,,,,
0,15th,361,Noah Killeen, ,Manual | Male U16,04:58.5,+0:26.05,02:17.4,01:58.4,01:48.4, , , ,01:48.4,14th,+0:10.85,02:06.2,02:05.9,02:06.1, , ,02:05.9,20th,+0:11.64,01:10.8,01:04.7,01:04.3, ,01:04.3,15th,+0:05.80,,,,,,,,,,,,,,,,
0,16th,120,James Barnes, ,Manual | Male Master,04:58.8,+0:26.34,01:53.4,01:49.1,01:48.5, , , ,01:48.5,16th,+0:10.94,02:28.3,02:09.3,02:04.5, , ,02:04.5,14th=,+0:10.29,01:10.5,01:05.8, , ,01:05.8,25th,+0:07.35,,,,,,,,,,,,,,,,
0,17th,255,Ross LambieInstagram,The Trailhead,Manual | Male Veteran,05:00.9,+0:28.44,01:52.0,01:47.8,01:48.0, , , ,01:47.8,13th,+0:10.28,02:13.7,02:08.0, , , ,02:08.0,23rd,+0:13.71,01:05.2,01:05.7, , ,01:05.2,18th,+0:06.69,,,,,,,,,,,,,,,,
0,18th,206,Oliver Radford, ,Manual | Male Master,05:01.7,+0:29.20,02:00.5,01:52.4,01:54.3, , , ,01:52.4,32nd=,+0:14.84,02:14.1,02:12.5,02:03.5,02:07.0,02:06.5,02:03.5,12th,+0:09.21,01:07.2,01:05.8, , ,01:05.8,26th=,+0:07.39,,,,,,,,,,,,,,,,
0,19th,265,Jamie Hoare, ,Manual | Male Master,05:01.7,+0:29.23,02:05.9,01:54.2,01:49.1, , , ,01:49.1,17th,+0:11.63,02:30.8,02:09.9, , , ,02:09.9,33rd,+0:15.60,01:17.5,01:11.5,01:02.7, ,01:02.7,6th,+0:04.24,,,,,,,,,,,,,,,,
0,20th,227,Chris Blackmore,Hotpursuit Cycles,Manual | Male Veteran,05:01.8,+0:29.31,02:02.2,01:52.9,01:57.0,01:54.7, , ,01:52.9,35th,+0:15.35,02:20.6,02:06.3,02:03.7, , ,02:03.7,13th,+0:09.40,01:05.3, , , ,01:05.3,20th,+0:06.80,,,,,,,,,,,,,,,,
0,21st,241,Damian GrovesInstagram,Niner bikes,Manual | Male Elite,05:02.6,+0:30.18,03:33.2,01:58.2,01:50.6,01:48.4, , ,01:48.4,15th,+0:10.89,02:57.4,02:09.4, , , ,02:09.4,28th,+0:15.14,01:07.6,01:04.9, , ,01:04.9,16th=,+0:06.39,,,,,,,,,,,,,,,,
0,22nd,246,Mathew MorrisseyInstagram, ,Manual | Male Master,05:03.4,+0:30.95,01:56.4,01:51.9,01:50.4, , , ,01:50.4,26th,+0:12.84,02:13.5,02:05.8, , , ,02:05.8,19th,+0:11.56,01:08.2,01:07.2, , ,01:07.2,34th,+0:08.79,,,,,,,,,,,,,,,,
0,23rd,117,Jody Gale,FST,Manual | Male Veteran,05:03.6,+0:31.14,02:09.5,01:57.6,01:53.9, , , ,01:53.9,41st,+0:16.34,02:11.6,02:07.7,02:04.5, , ,02:04.5,14th=,+0:10.29,01:08.0,01:06.8,01:05.2, ,01:05.2,19th,+0:06.75,,,,,,,,,,,,,,,,
0,24th,39,Tom Dunn,Radical all mountain,Manual | Male Hardtail,05:03.8,+0:31.30,01:56.0,01:50.2, , , , ,01:50.2,24th=,+0:12.70,02:09.8, , , , ,02:09.8,31st=,+0:15.50,01:09.6,01:06.6,01:08.1,01:03.8,01:03.8,11th,+0:05.34,,,,,,,,,,,,,,,,
0,25th,91,James Bambridge, ,Manual | Male Senior,05:04.0,+0:31.50,02:03.9,01:52.0, , , , ,01:52.0,30th,+0:14.50,02:33.0,02:10.4,02:06.3, , ,02:06.3,22nd,+0:12.04,01:09.3,01:05.7, , ,01:05.7,21st,+0:07.20,,,,,,,,,,,,,,,,
0,26th,8,Ian Sanders,Stif Mountain Bikes,Manual | Male Grand Vet,05:05.9,+0:33.43,02:01.8,01:52.4,01:49.4, , , ,01:49.4,21st,+0:11.88,02:09.9,02:49.0,02:21.5,02:08.8, ,02:08.8,24th,+0:14.50,01:09.0,01:07.8, , ,01:07.8,39th,+0:09.29,,,,,,,,,,,,,,,,
0,27th,54,Ady Tolson,FOD Night Riders,Manual | Male Veteran,05:07.3,+0:34.89,01:59.8,01:52.3,01:51.9, , , ,01:51.9,29th,+0:14.34,02:15.4,02:52.3,02:09.6, , ,02:09.6,29th=,+0:15.35,01:09.3,01:05.9, , ,01:05.9,28th,+0:07.44,,,,,,,,,,,,,,,,
0,28th,92,George May, ,Manual | Male Master,05:07.4,+0:34.90,02:01.0,01:53.8,01:48.1,01:47.4, , ,01:47.4,12th,+0:09.89,02:11.1,02:10.4,02:11.1, , ,02:10.4,36th,+0:16.15,01:14.4,01:09.6, , ,01:09.6,54th=,+0:11.10,,,,,,,,,,,,,,,,
0,29th,321,Becky CookTwitterInstagram,Orange Factory Racing,Manual | Female Elite,05:07.4,+0:34.93,02:29.8,02:00.1,01:55.5,01:49.8, , ,01:49.8,22nd,+0:12.24,02:26.8,02:15.1,02:11.6,02:09.8, ,02:09.8,31st=,+0:15.50,01:10.7,01:07.9, , ,01:07.9,40th,+0:09.43,,,,,,,,,,,,,,,,
0,30th,205,Karol PodufalskiInstagram, ,Manual | Male Elite,05:07.8,+0:35.38,01:54.5,01:52.5,01:49.9, , , ,01:49.9,23rd,+0:12.43,02:12.2,02:18.7, , , ,02:12.2,45th,+0:17.96,01:14.9,01:16.8,01:05.7, ,01:05.7,22nd,+0:07.23,,,,,,,,,,,,,,,,
0,31st,64,Myles Baldwin,FOD Night Riders,Manual | Male Master,05:08.6,+0:36.19,02:14.4,01:55.1,01:53.2, , , ,01:53.2,37th,+0:15.74,02:09.6,02:09.9,02:10.6, , ,02:09.6,29th=,+0:15.35,01:12.5,01:05.8, , ,01:05.8,24th,+0:07.34,,,,,,,,,,,,,,,,
0,32nd,221,Keiron WilliamsInstagram, ,Manual | Male Senior,05:09.7,+0:37.23,02:10.6,01:58.3,01:56.5,01:53.7,01:50.2, ,01:50.2,24th=,+0:12.70,02:15.1,02:13.1,02:11.9, , ,02:11.9,43rd,+0:17.64,01:08.0,01:07.6, , ,01:07.6,38th,+0:09.13,,,,,,,,,,,,,,,,
0,33rd,360,Elliot RobertsInstagram, ,Manual | Male Elite,05:09.9,+0:37.40,02:03.4,01:57.3,01:50.7, , , ,01:50.7,27th,+0:13.15,02:15.5,02:13.2, , , ,02:13.2,49th,+0:18.95,01:06.0,01:07.9,01:06.3, ,01:06.0,29th,+0:07.54,,,,,,,,,,,,,,,,
0,34th,135,Kyran Brittain, ,Manual | Male Master,05:10.5,+0:38.06,02:12.2,02:13.2,01:54.9,01:50.9, , ,01:50.9,28th,+0:13.40,02:28.1,02:09.1, , , ,02:09.1,26th,+0:14.86,01:10.5, , , ,01:10.5,63rd,+0:12.04,,,,,,,,,,,,,,,,
0,35th,282,Jacob Dobson, ,Manual | Male Senior,05:10.6,+0:38.16,02:28.6,01:52.2, , , , ,01:52.2,31st,+0:14.70,02:28.9,02:11.6,02:11.1, , ,02:11.1,39th,+0:16.81,01:11.9,01:09.7,01:07.4, ,01:07.4,35th,+0:08.89,,,,,,,,,,,,,,,,
0,36th,389,Sam Hartill, ,Manual | Male Senior,05:12.7,+0:40.25,02:02.6,01:59.5,01:57.0, , , ,01:57.0,60th,+0:19.49,02:12.2,02:06.1, , , ,02:06.1,21st,+0:11.85,01:43.2,01:09.6, , ,01:09.6,57th,+0:11.15,,,,,,,,,,,,,,,,
0,37th,219,Thomas Mayers, ,Manual | Male Senior,05:13.2,+0:40.73,02:39.6,01:53.8,02:01.2,01:56.9, , ,01:53.8,40th,+0:16.29,02:15.2,02:10.5, , , ,02:10.5,38th,+0:16.29,01:10.5,01:11.3,01:08.8, ,01:08.8,50th,+0:10.39,,,,,,,,,,,,,,,,
0,38th,228,Tom Jefferson,Risca Riders,Manual | Male Master,05:13.5,+0:41.03,02:14.9,02:01.8,01:56.7, , , ,01:56.7,56th,+0:19.18,02:23.3,02:14.1,02:10.8,02:10.3, ,02:10.3,35th,+0:16.00,01:10.9,01:09.0,01:06.5, ,01:06.5,30th,+0:08.09,,,,,,,,,,,,,,,,
0,39th,19,James Jones, ,Manual | Male U18,05:13.5,+0:41.05,01:57.8, , , , , ,01:57.8,64th,+0:20.29,02:42.7,02:10.0, , , ,02:10.0,34th,+0:15.71,01:06.9,01:05.8, , ,01:05.8,23rd,+0:07.29,,,,,,,,,,,,,,,,
0,40th,229,John Morgan,Risca Riders,Manual | Male Grand Vet,05:13.8,+0:41.34,02:10.3,02:02.7,01:57.6, , , ,01:57.6,62nd,+0:20.10,02:36.2,02:20.6,02:09.0,02:12.3, ,02:09.0,25th,+0:14.75,01:08.3,01:08.4,01:07.2, ,01:07.2,32nd=,+0:08.73,,,,,,,,,,,,,,,,
0,41st,98,Richie HillInstagram, ,Manual | Male Elite,05:13.8,+0:41.35,02:02.6,02:05.7,01:52.9, , , ,01:52.9,36th,+0:15.40,02:35.0,02:14.9,02:12.5, , ,02:12.5,48th,+0:18.30,01:11.9,01:08.3, , ,01:08.3,43rd,+0:09.89,,,,,,,,,,,,,,,,
0,42nd,279,Charlie Toomer,Pinned TV,Manual | Male U14,05:14.6,+0:42.16,02:04.3,01:54.2,01:55.9, , , ,01:54.2,43rd,+0:16.65,02:20.5,02:11.7, , , ,02:11.7,42nd,+0:17.40,01:08.8, , , ,01:08.8,48th=,+0:10.35,,,,,,,,,,,,,,,,
0,43rd,166,Tim BakerInstagram, ,Manual | Male U18,05:14.7,+0:42.27,02:00.5,01:56.4,01:54.2, , , ,01:54.2,44th,+0:16.69,02:31.4,02:11.6, , , ,02:11.6,41st,+0:17.34,01:10.3,01:09.3,01:08.9, ,01:08.9,51st,+0:10.48,,,,,,,,,,,,,,,,
0,44th,308,Emily AshwoodInstagram, ,Manual | Female Elite,05:15.1,+0:42.64,02:00.1,01:58.6,01:55.6,01:59.3, , ,01:55.6,52nd,+0:18.05,02:26.1,02:16.9,02:12.1, , ,02:12.1,44th,+0:17.85,01:08.2,01:08.4,01:07.4, ,01:07.4,37th,+0:08.98,,,,,,,,,,,,,,,,
0,45th,258,Tom Cleall, ,Manual | Male Senior,05:15.4,+0:42.94,02:11.7,01:55.1, , , , ,01:55.1,47th=,+0:17.64,02:25.0,02:13.8,02:30.9,02:10.5, ,02:10.5,37th,+0:16.21,01:09.8,01:09.8, , ,01:09.8,58th,+0:11.33,,,,,,,,,,,,,,,,
0,46th,122,Emrys Cook,Wye Tipi Camping,Manual | Male Master,05:16.3,+0:43.89,02:06.5,01:58.1,01:57.1, , , ,01:57.1,61st,+0:19.59,02:31.8,02:17.3,02:11.1, , ,02:11.1,40th,+0:16.85,01:13.4,01:08.2, , ,01:08.2,41st,+0:09.69,,,,,,,,,,,,,,,,
0,47th,123,Mark SnookFacebook, ,Manual | Male Hardtail,05:16.9,+0:44.40,02:12.8,01:59.2,01:58.7, , , ,01:58.7,68th,+0:21.18,02:20.9,02:13.3,02:09.4, , ,02:09.4,27th,+0:15.11,01:11.1,01:22.0,01:08.8, ,01:08.8,48th=,+0:10.35,,,,,,,,,,,,,,,,
0,48th,273,Max HigginsonInstagram,OffTheBrakes,Manual | Male Elite,05:17.1,+0:44.60,02:37.8,01:56.9,01:51.8,01:58.5,01:49.3, ,01:49.3,20th,+0:11.74,02:16.5, , , , ,02:16.5,62nd,+0:22.21,01:11.4, , , ,01:11.4,72nd,+0:12.89,,,,,,,,,,,,,,,,
0,49th,124,Dominic Jones, ,Manual | Male Veteran,05:17.1,+0:44.66,02:05.3,01:58.4,01:59.0,01:55.4, , ,01:55.4,49th,+0:17.85,02:18.3,02:14.6,02:14.4, , ,02:14.4,53rd,+0:20.11,01:10.4,01:07.4, , ,01:07.4,36th,+0:08.94,,,,,,,,,,,,,,,,
0,50th,263,Thomas GrundyInstagram, ,Manual | Male Master,05:17.3,+0:44.80,02:10.2,03:21.1,01:54.5, , , ,01:54.5,45th,+0:16.99,02:26.9,02:13.7,02:16.3, , ,02:13.7,50th,+0:19.41,01:14.6,01:09.1,02:29.7, ,01:09.1,52nd,+0:10.64,,,,,,,,,,,,,,,,
0,51st,365,Rubin PassbergerInstagram, ,Manual | Male Senior,05:17.7,+0:45.20,04:10.7,01:57.1,01:54.1, , , ,01:54.1,42nd,+0:16.59,02:27.1,02:16.6, , , ,02:16.6,63rd,+0:22.31,01:10.7,01:07.0,01:08.4, ,01:07.0,31st,+0:08.54,,,,,,,,,,,,,,,,
0,52nd,149,Matt Sinclair, ,Manual | Male Master,05:19.1,+0:46.64,02:05.2,01:55.5, , , , ,01:55.5,51st,+0:18.03,02:22.9,02:15.2, , , ,02:15.2,55th,+0:20.95,01:10.7,01:08.4, , ,01:08.4,44th,+0:09.90,,,,,,,,,,,,,,,,
0,53rd,16,Harvey Coates, ,Manual | Male Elite,05:20.3,+0:47.85,02:21.9,02:04.0,01:57.7, , , ,01:57.7,63rd,+0:20.15,02:18.7,02:12.9,02:12.4, , ,02:12.4,46th,+0:18.15,01:22.9,01:10.3, , ,01:10.3,61st,+0:11.79,,,,,,,,,,,,,,,,
0,54th,350,Barry Fenton,Rapidas,Manual | Male Veteran,05:20.6,+0:48.13,02:01.3,01:56.9, , , , ,01:56.9,59th,+0:19.39,02:36.9,02:15.5,02:12.5, , ,02:12.5,47th,+0:18.29,01:12.3,01:11.1,01:11.4, ,01:11.1,68th=,+0:12.69,,,,,,,,,,,,,,,,
0,55th,30,Will Rowlands, ,Manual | Male Master,05:20.6,+0:48.19,02:05.2,02:08.9,01:55.4, , , ,01:55.4,50th,+0:17.89,02:45.1,02:18.2,02:15.7, , ,02:15.7,56th,+0:21.44,01:09.6,01:15.8,01:11.1, ,01:09.6,54th=,+0:11.10,,,,,,,,,,,,,,,,
0,56th,111,Ian Davies, ,Manual | Male Veteran,05:22.5,+0:50.00,02:02.2,01:56.7,01:53.3,01:55.4,01:54.1, ,01:53.3,38th,+0:15.78,02:28.7,02:19.0,02:19.3,02:44.5, ,02:19.0,72nd=,+0:24.71,01:12.3,01:10.2, , ,01:10.2,60th,+0:11.75,,,,,,,,,,,,,,,,
0,57th,42,Laurence Mccormick,Navy Cycling,Manual | Male Master,05:22.8,+0:50.29,02:05.9,01:56.8, , , , ,01:56.8,57th,+0:19.29,02:41.1,02:16.6, , , ,02:16.6,64th,+0:22.35,01:14.5,01:09.4, , ,01:09.4,53rd,+0:10.89,,,,,,,,,,,,,,,,
0,58th,212,Matthew Steddy, ,Manual | Male Senior,05:23.0,+0:50.53,02:02.0,01:56.8,02:42.7, , , ,01:56.8,58th,+0:19.34,02:56.3,02:18.0, , , ,02:18.0,68th,+0:23.70,01:12.2,01:08.2, , ,01:08.2,42nd,+0:09.73,,,,,,,,,,,,,,,,
0,59th,276,Fleur Ter KuileInstagram,Starling/Friction Cycles,Manual | Female Elite,05:23.9,+0:51.45,02:09.1,01:59.5,01:58.3, , , ,01:58.3,65th,+0:20.74,02:22.7,02:18.1,02:16.1, , ,02:16.1,57th,+0:21.81,01:12.3,01:09.6, , ,01:09.6,56th,+0:11.14,,,,,,,,,,,,,,,,
0,60th,134,Richie Rich, ,Manual | Male Veteran,05:24.0,+0:51.55,02:16.6,02:02.8, , , , ,02:02.8,79th,+0:25.30,02:14.9,02:14.0, , , ,02:14.0,52nd,+0:19.76,01:09.2,01:07.2, , ,01:07.2,32nd=,+0:08.73,,,,,,,,,,,,,,,,
0,61st,330,Sam Hinson, ,Manual | Male Senior,05:24.2,+0:51.76,02:01.7,01:55.8,01:55.1, , , ,01:55.1,46th,+0:17.59,02:41.0,02:18.7, , , ,02:18.7,70th,+0:24.46,01:13.8,01:10.4, , ,01:10.4,62nd,+0:11.95,,,,,,,,,,,,,,,,
0,62nd,15,Tig Arnott,FOD Night Riders,Manual | Male Master,05:24.5,+0:52.04,02:06.2,01:58.8,01:56.6, , , ,01:56.6,55th,+0:19.13,02:19.3,02:19.1, , , ,02:19.1,74th,+0:24.81,01:09.7,01:08.8, , ,01:08.8,47th,+0:10.34,,,,,,,,,,,,,,,,
0,63rd,56,Luke Southall, ,Manual | Male Senior,05:25.1,+0:52.67,02:13.0,02:03.7,02:00.1, , , ,02:00.1,73rd,+0:22.63,02:24.4,02:16.2, , , ,02:16.2,58th,+0:21.95,01:12.3,01:16.1,01:16.2,01:08.8,01:08.8,46th,+0:10.33,,,,,,,,,,,,,,,,
0,64th,324,Gareth Wilshire, ,Manual | Male Grand Vet,05:25.6,+0:53.17,02:03.9,01:59.8, , , , ,01:59.8,72nd,+0:22.28,02:19.9,02:14.4, , , ,02:14.4,54th,+0:20.19,01:11.4,01:11.8, , ,01:11.4,73rd=,+0:12.94,,,,,,,,,,,,,,,,
0,65th,288,Egor DronInstagram, ,Manual | Male Elite,05:26.4,+0:53.99,02:04.0,01:58.3,01:52.4, , , ,01:52.4,32nd=,+0:14.84,02:25.8,02:20.7, , , ,02:20.7,80th,+0:26.46,01:13.5,01:16.3,01:13.4, ,01:13.4,92nd,+0:14.93,,,,,,,,,,,,,,,,
0,66th,114,Ollie Jehu, ,Manual | Male Senior,05:26.6,+0:54.14,02:10.9,02:13.0,01:58.5,02:00.3, , ,01:58.5,67th,+0:20.99,02:48.3,02:23.0,02:17.1, , ,02:17.1,65th,+0:22.90,01:44.2,01:11.0, , ,01:11.0,66th,+0:12.49,,,,,,,,,,,,,,,,
0,67th,51,Scott Pullin,Cycle Solutions,Manual | Male Master,05:27.1,+0:54.60,02:04.3,01:59.0, , , , ,01:59.0,70th,+0:21.49,02:20.6,02:17.3, , , ,02:17.3,66th,+0:23.06,01:12.1,01:10.7, , ,01:10.7,65th,+0:12.29,,,,,,,,,,,,,,,,
0,68th,201,Paul DudleyTwitterInstagram,Boys On The Case,Manual | Male Veteran,05:27.3,+0:54.88,02:05.7,01:58.4,01:55.1, , , ,01:55.1,47th=,+0:17.64,02:51.8,02:20.8, , , ,02:20.8,81st,+0:26.54,01:11.4,01:14.8,01:11.6, ,01:11.4,73rd=,+0:12.94,,,,,,,,,,,,,,,,
0,69th,271,Scott Sharp, ,Manual | Male Master,05:27.3,+0:54.89,02:02.6,01:53.6, , , , ,01:53.6,39th,+0:16.09,02:27.6,02:19.5, , , ,02:19.5,76th,+0:25.25,01:20.2,01:14.2, , ,01:14.2,100th,+0:15.79,,,,,,,,,,,,,,,,
0,70th,202,Ben Waugh,Boys On The Case,Manual | Male Master,05:28.2,+0:55.74,02:05.6,01:55.7, , , , ,01:55.7,53rd,+0:18.14,02:47.5,02:24.0, , , ,02:24.0,92nd,+0:29.75,01:15.1,01:08.6, , ,01:08.6,45th,+0:10.09,,,,,,,,,,,,,,,,
0,71st,129,Jed Wherlock,Miggly Moos,Manual | Male U18,05:28.6,+0:56.15,02:10.8,02:02.1,01:59.4, , , ,01:59.4,71st,+0:21.85,02:24.9,02:18.0, , , ,02:18.0,69th,+0:23.79,01:11.2,01:11.2, , ,01:11.2,70th,+0:12.75,,,,,,,,,,,,,,,,
0,72nd,391,Phillip Coombes,Broken Media,Manual | Male Master,05:29.8,+0:57.39,02:08.4,01:59.7,01:57.7,01:55.9, , ,01:55.9,54th,+0:18.39,02:41.0,02:21.0, , , ,02:21.0,83rd,+0:26.79,01:14.0,01:12.9, , ,01:12.9,90th,+0:14.45,,,,,,,,,,,,,,,,
0,73rd,4,Jack Miller, ,Manual | Male Master,05:30.3,+0:57.83,02:20.4,02:08.9,02:03.2, , , ,02:03.2,81st,+0:25.73,02:24.4,02:13.7, , , ,02:13.7,51st,+0:19.45,01:13.3,01:13.8, , ,01:13.3,91st,+0:14.89,,,,,,,,,,,,,,,,
0,74th,101,Steven Wain, ,Manual | Male Elite,05:30.9,+0:58.49,02:17.8,02:04.5, , , , ,02:04.5,85th,+0:27.04,02:26.0,02:16.3, , , ,02:16.3,59th,+0:22.00,01:18.9,01:11.2,01:10.1, ,01:10.1,59th,+0:11.69,,,,,,,,,,,,,,,,
0,75th,262,Adam Sawyer,Far Future,Manual | Male Master,05:32.1,+0:59.65,02:08.1,01:58.3,01:58.8,02:08.1, , ,01:58.3,66th,+0:20.75,03:09.2,02:22.8, , , ,02:22.8,88th,+0:28.54,01:11.1,01:12.4, , ,01:11.1,67th,+0:12.60,,,,,,,,,,,,,,,,
0,76th,84,James Hughes,JJ,Manual | Male Fun,05:32.7,+1:00.20,02:16.8,02:07.9,01:58.9, , , ,01:58.9,69th,+0:21.34,02:26.4,02:23.1, , , ,02:23.1,91st,+0:28.85,01:10.7,01:11.2, , ,01:10.7,64th,+0:12.25,,,,,,,,,,,,,,,,
0,77th,236,James Kitchen, ,Manual | Male Master,05:33.7,+1:01.23,02:14.4,02:02.8,02:04.7, , , ,02:02.8,78th,+0:25.24,02:27.7,02:18.8,02:22.9, , ,02:18.8,71st,+0:24.55,01:12.1, , , ,01:12.1,80th,+0:13.68,,,,,,,,,,,,,,,,
0,78th,319,Nick NelsonInstagramStrava,RLC MTB Enduro Team,Manual | Male Veteran,05:34.4,+1:01.94,02:22.3,02:06.7, , , , ,02:06.7,95th,+0:29.14,02:29.7,02:16.4, , , ,02:16.4,60th=,+0:22.10,01:14.4,01:11.4, , ,01:11.4,73rd=,+0:12.94,,,,,,,,,,,,,,,,
0,79th,33,Mike Norman,Ace bicycles,Manual | Male Grand Vet,05:34.4,+1:01.95,02:10.4,02:04.8, , , , ,02:04.8,87th,+0:27.24,02:29.4,02:18.1,02:17.8, , ,02:17.8,67th,+0:23.56,01:11.9,01:13.3, , ,01:11.9,78th,+0:13.39,,,,,,,,,,,,,,,,
0,80th,266,Rhys Jordan, ,Manual | Male U16,05:34.5,+1:02.04,02:16.5,02:03.6,02:03.9, , , ,02:03.6,83rd,+0:26.09,02:30.6,02:23.6,02:19.2, , ,02:19.2,75th,+0:24.96,01:14.4,01:11.7, , ,01:11.7,76th,+0:13.23,,,,,,,,,,,,,,,,
0,81st,204,Alyn Pawlin, ,Manual | Male Master,05:34.6,+1:02.11,02:10.8,02:01.7, , , , ,02:01.7,75th,+0:24.15,02:21.2,02:20.2, , , ,02:20.2,79th,+0:25.95,01:12.7, , , ,01:12.7,87th,+0:14.25,,,,,,,,,,,,,,,,
0,82nd,224,Chris Edmunds,Ace bicycles,Manual | Male Master,05:34.7,+1:02.25,02:14.7,02:04.6, , , , ,02:04.6,86th,+0:27.10,02:32.9,02:19.8,02:16.4, , ,02:16.4,60th=,+0:22.10,01:14.7,01:13.7, , ,01:13.7,95th,+0:15.29,,,,,,,,,,,,,,,,
0,83rd,252,Alex QuintrellInstagramStrava,RLC MTB Enduro Team,Manual | Male Hardtail,05:36.6,+1:04.19,02:18.2,02:03.1, , , , ,02:03.1,80th,+0:25.54,02:27.0,02:20.9, , , ,02:20.9,82nd,+0:26.60,01:19.6,01:12.7, , ,01:12.7,88th,+0:14.29,,,,,,,,,,,,,,,,
0,84th,259,Alex Evans,Built Bikes,Manual | Male Master,05:36.9,+1:04.45,02:10.4,02:07.6,02:02.4, , , ,02:02.4,77th,+0:24.89,02:24.2,02:27.4,02:22.0, , ,02:22.0,87th,+0:27.70,01:15.3,01:12.6, , ,01:12.6,85th,+0:14.10,,,,,,,,,,,,,,,,
0,85th,235,Craig Rees, ,Manual | Male Veteran,05:37.3,+1:04.85,02:15.7,02:06.1,02:11.4, , , ,02:06.1,93rd,+0:28.59,02:31.8,02:25.1,02:20.1, , ,02:20.1,78th,+0:25.81,01:11.1, , , ,01:11.1,68th=,+0:12.69,,,,,,,,,,,,,,,,
0,86th,278,Alexander RiddleInstagram, ,Manual | Male Master,05:40.1,+1:07.65,02:22.2,02:07.4,02:09.9, , , ,02:07.4,103rd,+0:29.85,02:33.9,02:27.2,02:20.0, , ,02:20.0,77th,+0:25.71,01:13.6,01:31.3,01:12.8, ,01:12.8,89th,+0:14.33,,,,,,,,,,,,,,,,
0,87th,160,Stephen Wilkinson,Team Manic,Manual | Male Grand Vet,05:40.6,+1:08.15,02:29.9,02:02.3,02:03.1, , , ,02:02.3,76th,+0:24.79,02:24.6, , , , ,02:24.6,95th,+0:30.35,01:13.7, , , ,01:13.7,93rd=,+0:15.25,,,,,,,,,,,,,,,,
0,88th,334,Noel Toogood,LA234,Manual | Male Grand Vet,05:40.7,+1:08.26,02:11.2,02:05.2,02:05.8, , , ,02:05.2,91st,+0:27.69,02:36.0,02:26.6,02:23.8,02:22.9, ,02:22.9,89th,+0:28.61,01:15.9,01:12.7,01:13.3, ,01:12.7,86th,+0:14.20,,,,,,,,,,,,,,,,
0,89th,20,Max Taberham,FOD Night Riders,Manual | Male Senior,05:41.3,+1:08.84,02:17.4,02:05.2,02:03.8,02:05.9, , ,02:03.8,84th,+0:26.34,02:44.1,02:24.9,02:27.7, , ,02:24.9,97th,+0:30.66,01:15.1,01:12.5, , ,01:12.5,84th,+0:14.08,,,,,,,,,,,,,,,,
0,90th,153,Ffion Brutnell, ,Manual | Female Senior,05:42.3,+1:09.86,02:30.6,02:16.6,02:07.7,02:01.6,02:03.4,02:01.1,02:01.1,74th,+0:23.55,02:38.5,02:26.3, , , ,02:26.3,101st,+0:32.06,01:26.3,01:21.0,01:15.0, ,01:15.0,105th,+0:16.49,,,,,,,,,,,,,,,,
0,91st,327,David Gurnsey,Bird Cycleworks,Manual | Male Super Vet,05:43.3,+1:10.80,02:11.3,02:05.2, , , , ,02:05.2,90th,+0:27.64,02:54.8,02:21.9,02:21.8, , ,02:21.8,85th,+0:27.56,01:17.0,01:16.3, , ,01:16.3,117th,+0:17.84,,,,,,,,,,,,,,,,
0,92nd,292,Russell Case,Ec Cycles,Manual | Male Veteran,05:43.9,+1:11.44,02:16.6,02:08.2,02:08.4, , , ,02:08.2,105th,+0:30.70,02:47.5,02:29.7,02:21.9, , ,02:21.9,86th,+0:27.65,01:15.4,01:13.8, , ,01:13.8,96th,+0:15.33,,,,,,,,,,,,,,,,
0,93rd,284,Matthew Phillips, ,Manual | Male Master,05:44.0,+1:11.49,02:41.8,02:17.5,02:07.2,02:06.4, , ,02:06.4,94th,+0:28.89,02:39.0,02:25.5, , , ,02:25.5,98th,+0:31.20,01:14.6,01:12.1, , ,01:12.1,79th,+0:13.64,,,,,,,,,,,,,,,,
0,94th,105,Tom Stephens, ,Manual | Male Master,05:44.1,+1:11.60,02:14.2,02:05.1, , , , ,02:05.1,89th,+0:27.59,02:45.6,02:19.0,02:22.8,02:19.9, ,02:19.0,72nd=,+0:24.71,01:20.0,01:40.5, , ,01:20.0,137th,+0:21.54,,,,,,,,,,,,,,,,
0,95th,99,Guy Wing, ,Manual | Male Master,05:44.2,+1:11.74,02:29.1,02:11.1,02:05.8, , , ,02:05.8,92nd,+0:28.24,02:35.6,02:24.4, , , ,02:24.4,94th,+0:30.10,01:14.1,01:14.4, , ,01:14.1,98th,+0:15.64,,,,,,,,,,,,,,,,
0,96th,35,Adam Beynon, ,Manual | Male U16,05:47.0,+1:14.55,04:57.0,02:33.5,02:08.4, , , ,02:08.4,106th,+0:30.90,02:37.4,02:23.1,02:34.1, , ,02:23.1,90th,+0:28.81,01:15.5, , , ,01:15.5,111th,+0:17.08,,,,,,,,,,,,,,,,
0,97th,58,Nicholas Cole, ,Manual | Male Master,05:47.2,+1:14.73,02:19.9,02:10.9, , , , ,02:10.9,117th=,+0:33.39,02:24.0,02:21.7, , , ,02:21.7,84th,+0:27.44,01:19.9,01:14.6, , ,01:14.6,102nd,+0:16.14,,,,,,,,,,,,,,,,
0,98th,65,Paul Waldron,FOD Night Riders,Manual | Male Master,05:47.3,+1:14.85,02:15.7,02:07.5,02:07.1, , , ,02:07.1,98th,+0:29.59,02:29.0,02:29.5, , , ,02:29.0,111th,+0:34.71,01:16.0,01:11.2, , ,01:11.2,71st,+0:12.79,,,,,,,,,,,,,,,,
0,99th,67,Chris Schroder,Epic Rides Wales,Manual | Male Grand Vet,05:47.8,+1:15.30,02:29.0,02:12.4,02:06.7, , , ,02:06.7,96th,+0:29.18,03:05.0,02:30.5,02:27.4, , ,02:27.4,105th,+0:33.11,01:20.4,01:18.5,01:13.7, ,01:13.7,93rd=,+0:15.25,,,,,,,,,,,,,,,,
0,100th,191,Austin Hadley-Shepher, ,Manual | Male Fun,05:48.2,+1:15.70,02:17.2,02:08.6, , , , ,02:08.6,107th,+0:31.09,02:27.2,02:27.7,02:24.1, , ,02:24.1,93rd,+0:29.81,01:20.5,01:17.8,01:15.5, ,01:15.5,109th=,+0:17.04,,,,,,,,,,,,,,,,
0,101st,190,Shane Windridge, ,Manual | Male Hardtail,05:48.4,+1:15.92,02:19.4,02:06.7,02:06.4,02:05.1, , ,02:05.1,88th,+0:27.55,03:32.6,02:34.1,02:27.5, , ,02:27.5,107th,+0:33.21,01:20.6,01:17.4,01:15.9, ,01:15.9,113th,+0:17.40,,,,,,,,,,,,,,,,
0,102nd,218,Frewen MarkhamInstagramStrava, ,Manual | Male Fun,05:48.6,+1:16.10,02:29.6,02:09.9,02:07.3, , , ,02:07.3,101st=,+0:29.80,02:51.7,02:24.9, , , ,02:24.9,96th,+0:30.65,01:16.4, , , ,01:16.4,118th,+0:17.89,,,,,,,,,,,,,,,,
0,103rd,22,Harry PreeceInstagram, ,Manual | Male Fun,05:48.9,+1:16.42,02:29.4,02:20.3,02:12.1,02:07.0, , ,02:07.0,97th,+0:29.53,02:41.7,02:27.2, , , ,02:27.2,103rd,+0:32.90,01:16.9,01:14.7, , ,01:14.7,104th,+0:16.23,,,,,,,,,,,,,,,,
0,104th,320,Rachel Manning,Hot Pursuit Cycles/Grip and Pedal,Manual | Female Elite,05:50.7,+1:18.21,02:16.9,02:10.9, , , , ,02:10.9,117th=,+0:33.39,02:34.2,02:28.8,02:27.4, , ,02:27.4,106th,+0:33.16,01:14.9,01:12.4, , ,01:12.4,82nd,+0:13.90,,,,,,,,,,,,,,,,
0,105th,222,Jacob Garrod, ,Manual | Male Master,05:51.2,+1:18.71,02:20.5,02:07.3, , , , ,02:07.3,101st=,+0:29.80,02:37.7,02:28.4, , , ,02:28.4,109th,+0:34.11,01:15.5,01:15.9, , ,01:15.5,109th=,+0:17.04,,,,,,,,,,,,,,,,
0,106th,73,Ioan Evans,Far future,Manual | Male Fun,05:51.2,+1:18.75,02:10.7,02:04.2,02:03.6,02:08.5, , ,02:03.6,82nd,+0:26.05,02:52.3,02:35.3, , , ,02:35.3,125th,+0:41.00,01:16.9,01:12.4, , ,01:12.4,83rd,+0:13.94,,,,,,,,,,,,,,,,
0,107th,289,Mark Harris, ,Manual | Male Fun,05:51.7,+1:19.24,02:18.8,02:17.4,02:09.2, , , ,02:09.2,108th,+0:31.65,02:33.2,02:25.8,02:29.7, , ,02:25.8,99th,+0:31.50,01:18.9,01:16.8,01:16.9, ,01:16.8,122nd,+0:18.33,,,,,,,,,,,,,,,,
0,108th,47,David GoulsonFacebook, ,Manual | Male Grand Vet,05:52.9,+1:20.45,02:42.0,02:16.2,02:13.7,02:10.2, , ,02:10.2,114th,+0:32.69,03:36.4,02:27.2, , , ,02:27.2,104th,+0:33.00,01:17.5,01:15.5, , ,01:15.5,108th,+0:17.00,,,,,,,,,,,,,,,,
0,109th,215,Rhiannon GunnerInstagram,CalamaRhi,Manual | Female Senior,05:53.7,+1:21.19,02:13.8,02:13.4,02:07.6,02:11.3, , ,02:07.6,104th,+0:30.09,03:09.7,02:33.4,02:29.4, , ,02:29.4,112th,+0:35.14,01:16.7,01:17.3,01:17.5, ,01:16.7,120th,+0:18.20,,,,,,,,,,,,,,,,
0,110th,107,Ben BywaterStrava, ,Manual | Male Elite,05:54.0,+1:21.57,02:13.6,02:11.4, , , , ,02:11.4,121st,+0:33.85,02:37.3,02:26.9, , , ,02:26.9,102nd,+0:32.61,01:34.9,01:19.8,01:15.8, ,01:15.8,112th,+0:17.35,,,,,,,,,,,,,,,,
0,111th,316,Jake Bowen, ,Manual | Male Fun,05:54.1,+1:21.63,02:24.4,02:10.0, , , , ,02:10.0,113th,+0:32.49,02:52.8,02:28.2, , , ,02:28.2,108th,+0:33.95,01:21.4,01:15.9, , ,01:15.9,114th,+0:17.43,,,,,,,,,,,,,,,,
0,112th,249,Iain SmithInstagram,Trash Free Trails,Manual | Male Master,05:54.2,+1:21.70,02:45.1,02:11.3,02:10.3, , , ,02:10.3,115th,+0:32.74,02:56.5,02:26.3,02:31.1, , ,02:26.3,100th,+0:32.00,01:17.9,01:17.7, , ,01:17.7,126th,+0:19.20,,,,,,,,,,,,,,,,
0,113th,131,Oakley Harrison, ,Manual | Male Senior,05:54.2,+1:21.74,02:14.1,02:07.2, , , , ,02:07.2,100th,+0:29.65,02:40.6,02:29.9, , , ,02:29.9,114th,+0:35.60,01:20.1,01:17.2, , ,01:17.2,124th,+0:18.73,,,,,,,,,,,,,,,,
0,114th,197,Jamie Neal, ,Manual | Male Hardtail,05:55.3,+1:22.81,02:23.6,02:12.2,02:11.3, , , ,02:11.3,120th,+0:33.80,02:37.1,02:29.6,02:30.5, , ,02:29.6,113th,+0:35.35,01:19.8,01:18.2,01:14.4, ,01:14.4,101st,+0:15.90,,,,,,,,,,,,,,,,
0,115th,216,Callum BruceInstagramStravaLinked In,CalamaRhi,Manual | Male Elite,05:57.1,+1:24.63,02:18.2,02:09.6,02:11.3,02:09.2, , ,02:09.2,109th,+0:31.68,03:07.2,02:53.6,02:33.9, , ,02:33.9,121st,+0:39.69,01:18.7,01:15.9,01:14.0, ,01:14.0,97th,+0:15.50,,,,,,,,,,,,,,,,
0,116th,128,Jeff Wherlock,Miggly Moos,Manual | Male Grand Vet,05:57.5,+1:25.06,02:26.7,02:15.7,02:10.7, , , ,02:10.7,116th,+0:33.20,02:40.8,02:31.5, , , ,02:31.5,116th,+0:37.25,01:15.3,01:16.0, , ,01:15.3,107th,+0:16.85,,,,,,,,,,,,,,,,
0,117th,358,Laurie Ullathorne, ,Manual | Male U16,05:58.5,+1:26.04,02:10.4,02:07.2,02:11.1, , , ,02:07.2,99th,+0:29.64,02:37.2,02:38.1, , , ,02:37.2,130th,+0:42.90,01:17.0,01:14.2, , ,01:14.2,99th,+0:15.74,,,,,,,,,,,,,,,,
0,118th,27,Tom Jenkins, ,Manual | Male Master,06:01.3,+1:28.87,02:14.8, , , , , ,02:14.8,128th,+0:37.28,02:28.8, , , , ,02:28.8,110th,+0:34.59,01:17.7, , , ,01:17.7,127th,+0:19.24,,,,,,,,,,,,,,,,
0,119th,295,Dylan Bowen,Gateway Racing,Manual | Male U16,06:01.8,+1:29.34,02:15.4,02:12.1, , , , ,02:12.1,122nd,+0:34.59,03:01.7,02:35.1, , , ,02:35.1,124th,+0:40.84,01:18.7,01:14.6, , ,01:14.6,103rd,+0:16.15,,,,,,,,,,,,,,,,
0,120th,165,Tom Baker, ,Manual | Male Veteran,06:02.2,+1:29.73,02:09.9, , , , , ,02:09.9,112th,+0:32.35,02:40.5, , , , ,02:40.5,139th,+0:46.29,01:11.8, , , ,01:11.8,77th,+0:13.33,,,,,,,,,,,,,,,,
0,121st,242,Emily SmithInstagram, ,Manual | Female Elite,06:04.5,+1:32.05,02:31.6,02:19.3,02:15.7, , , ,02:15.7,130th,+0:38.20,02:50.4,02:33.5, , , ,02:33.5,119th,+0:39.25,01:21.6,01:15.3, , ,01:15.3,106th,+0:16.84,,,,,,,,,,,,,,,,
0,122nd,203,Luke Lloyd,Boys On The Case,Manual | Male Master,06:06.4,+1:33.95,02:47.6,02:09.8, , , , ,02:09.8,111th,+0:32.30,02:58.6,02:40.7, , , ,02:40.7,140th,+0:46.44,01:18.4,01:15.9, , ,01:15.9,115th,+0:17.45,,,,,,,,,,,,,,,,
0,123rd,11,Ben Bridgewater,FOD Night Riders,Manual | Male Master,06:06.7,+1:34.26,02:23.2,02:14.7,02:13.7, , , ,02:13.7,125th,+0:36.20,02:40.3,02:36.9, , , ,02:36.9,128th,+0:42.70,01:19.4,01:16.1, , ,01:16.1,116th,+0:17.60,,,,,,,,,,,,,,,,
0,124th,200,Oliver Timms, ,Manual | Male Master,06:07.8,+1:35.33,02:53.2,02:17.2, , , , ,02:17.2,135th,+0:39.68,02:41.6,02:33.9, , , ,02:33.9,120th,+0:39.60,01:18.4,01:16.8, , ,01:16.8,121st,+0:18.29,,,,,,,,,,,,,,,,
0,125th,121,Richard Paull,Captains of flo,Manual | Male Master,06:08.6,+1:36.16,02:12.2, , , , , ,02:12.2,123rd,+0:34.65,02:43.8,02:37.4, , , ,02:37.4,132nd,+0:43.11,01:19.1, , , ,01:19.1,133rd,+0:20.64,,,,,,,,,,,,,,,,
0,126th,1,Gary ThornerInstagram,Bike Supply Drop,Manual | Male Master,06:09.2,+1:36.70,02:30.4,02:20.0,02:16.1, , , ,02:16.1,133rd,+0:38.64,02:47.7,02:34.9, , , ,02:34.9,123rd,+0:40.65,01:18.1,01:19.1, , ,01:18.1,130th,+0:19.65,,,,,,,,,,,,,,,,
0,127th,31,Dave Pooley, ,Manual | Male Master,06:09.9,+1:37.41,02:30.4,02:20.9,02:16.1,02:09.3, , ,02:09.3,110th,+0:31.80,02:43.2, , , , ,02:43.2,145th,+0:48.96,01:17.7,01:17.3, , ,01:17.3,125th,+0:18.89,,,,,,,,,,,,,,,,
0,128th,328,Edan Gurnsey,Bare Hill Bikers,Manual | Male U14,06:10.9,+1:38.44,02:18.3,02:18.2, , , , ,02:18.2,137th,+0:40.64,02:38.3,02:32.9,02:34.8, , ,02:32.9,118th,+0:38.65,01:22.9,01:19.8, , ,01:19.8,136th,+0:21.39,,,,,,,,,,,,,,,,
0,129th,177,Jordan Summers,Cymru Caravans,Manual | Male Fun,06:12.4,+1:39.97,02:18.9,02:16.0, , , , ,02:16.0,132nd,+0:38.53,02:39.4, , , , ,02:39.4,136th,+0:45.20,01:24.6,01:16.9, , ,01:16.9,123rd,+0:18.48,,,,,,,,,,,,,,,,
0,130th,188,Oliver Patterson, ,Manual | Male Senior,06:12.9,+1:40.40,02:26.1,02:18.9, , , , ,02:18.9,141st,+0:41.43,04:17.8,02:32.6, , , ,02:32.6,117th,+0:38.36,01:23.8,01:21.3, , ,01:21.3,142nd,+0:22.85,,,,,,,,,,,,,,,,
0,131st,281,Andrew Smith, ,Manual | Male Hardtail,06:12.9,+1:40.45,02:31.1,02:15.3,02:12.5, , , ,02:12.5,124th,+0:34.99,02:44.0,02:36.6, , , ,02:36.6,126th,+0:42.35,01:23.8, , , ,01:23.8,154th,+0:25.35,,,,,,,,,,,,,,,,
0,132nd,13,James Hosegood, ,Manual | Male Master,06:14.0,+1:41.49,02:22.2,02:18.3,02:19.3, , , ,02:18.3,138th,+0:40.74,02:53.3,02:37.0,02:44.8, , ,02:37.0,129th,+0:42.75,01:20.1,01:18.7, , ,01:18.7,132nd,+0:20.24,,,,,,,,,,,,,,,,
0,133rd,112,Alex Williams, ,Manual | Male Master,06:14.0,+1:41.54,02:22.4,02:18.9, , , , ,02:18.9,140th,+0:41.34,03:02.7,02:30.9,02:40.5, , ,02:30.9,115th,+0:36.65,01:24.3,01:27.1, , ,01:24.3,156th,+0:25.79,,,,,,,,,,,,,,,,
0,134th,181,Scott King, ,Manual | Male Hardtail,06:14.2,+1:41.75,02:20.8,02:20.6, , , , ,02:20.6,147th,+0:43.04,02:52.5,02:37.2, , , ,02:37.2,131st,+0:42.91,01:18.8,01:24.4,01:16.5, ,01:16.5,119th,+0:18.04,,,,,,,,,,,,,,,,
0,135th,238,Simon Williams, ,Manual | Male Hardtail,06:14.5,+1:41.99,02:37.3,02:21.4,02:23.9,02:20.9, , ,02:20.9,148th,+0:43.34,02:53.9,02:34.0, , , ,02:34.0,122nd,+0:39.75,01:22.2,01:25.5,01:19.6, ,01:19.6,134th,+0:21.14,,,,,,,,,,,,,,,,
0,136th,223,Alex Hitchcock, ,Manual | Male Master,06:16.2,+1:43.74,02:24.5,02:11.7,02:11.3, , , ,02:11.3,119th,+0:33.75,02:42.2,02:43.7, , , ,02:42.2,143rd,+0:47.94,01:22.7, , , ,01:22.7,150th,+0:24.29,,,,,,,,,,,,,,,,
0,137th,217,Ross Basnett, ,Manual | Male Veteran,06:17.6,+1:45.09,02:42.9,02:20.7,02:18.8, , , ,02:18.8,139th,+0:41.33,02:36.9, , , , ,02:36.9,127th,+0:42.65,01:22.4,01:21.8, , ,01:21.8,144th,+0:23.35,,,,,,,,,,,,,,,,
0,138th,55,Simon Miller, ,Manual | Male Grand Vet,06:17.8,+1:45.38,02:33.0,02:19.5,02:13.8, , , ,02:13.8,126th,+0:36.33,02:57.0,02:40.3, , , ,02:40.3,138th,+0:46.00,01:23.7, , , ,01:23.7,152nd=,+0:25.29,,,,,,,,,,,,,,,,
0,139th,14,Robin FrancisFacebookStrava,Christ College Brecon,Manual | Male Elite,06:18.6,+1:46.16,02:29.7,02:19.0,02:20.2, , , ,02:19.0,142nd,+0:41.45,02:51.7,02:41.7, , , ,02:41.7,142nd,+0:47.41,01:27.7,01:18.0, , ,01:18.0,129th,+0:19.54,,,,,,,,,,,,,,,,
0,140th,275,Szabolcs Jako, ,Manual | Male Fun,06:19.2,+1:46.71,02:26.3,02:19.4, , , , ,02:19.4,144th,+0:41.90,02:47.1,02:38.6, , , ,02:38.6,134th,+0:44.30,01:23.1,01:21.2, , ,01:21.2,140th,+0:22.75,,,,,,,,,,,,,,,,
0,141st,75,Sam Pulsford, ,Manual | Male Senior,06:19.3,+1:46.80,02:31.5,02:20.3,02:22.3,02:15.1, , ,02:15.1,129th,+0:37.59,02:47.0,02:42.8,02:39.2, , ,02:39.2,135th,+0:44.95,01:25.7,01:25.0, , ,01:25.0,157th,+0:26.50,,,,,,,,,,,,,,,,
0,142nd,63,Joshua James,JJ,Manual | Male Fun,06:19.3,+1:46.85,02:42.2,02:19.5, , , , ,02:19.5,145th,+0:42.00,02:55.1,02:38.0, , , ,02:38.0,133rd,+0:43.75,01:25.4,01:21.8, , ,01:21.8,143rd,+0:23.34,,,,,,,,,,,,,,,,
0,143rd,230,Dan DarkInstagram,Risca Riders,Manual | Male Veteran,06:24.0,+1:51.56,02:28.1,02:22.6, , , , ,02:22.6,152nd,+0:45.05,02:59.4,02:43.7, , , ,02:43.7,147th,+0:49.50,01:25.1,01:22.2,01:17.7, ,01:17.7,128th,+0:19.25,,,,,,,,,,,,,,,,
0,144th,368,Ritchie HighlandInstagram,Bike Supply Drop,Manual | Male Master,06:25.5,+1:53.05,02:32.6,02:15.4,02:14.4, , , ,02:14.4,127th,+0:36.89,02:53.0,02:49.9, , , ,02:49.9,157th,+0:55.61,01:21.6,01:21.2, , ,01:21.2,141st,+0:22.79,,,,,,,,,,,,,,,,
0,145th,74,John NicholsonInstagramStrava, ,Manual | Male Fun,06:25.9,+1:53.44,02:32.8,02:21.0, , , , ,02:21.0,149th,+0:43.53,02:44.1,02:42.3, , , ,02:42.3,144th,+0:48.01,01:23.5,01:22.6, , ,01:22.6,148th,+0:24.14,,,,,,,,,,,,,,,,
0,146th,68,Leigh Woodwards, ,Manual | Male Veteran,06:26.8,+1:54.29,02:26.3,02:17.0, , , , ,02:17.0,134th,+0:39.49,02:45.7,02:51.0, , , ,02:45.7,151st,+0:51.46,01:28.1,01:24.0, , ,01:24.0,155th,+0:25.58,,,,,,,,,,,,,,,,
0,147th,297,Ed Whitehead, ,Manual | Male Master,06:27.0,+1:54.54,02:17.4,02:36.7,02:27.6, , , ,02:17.4,136th,+0:39.88,03:09.1,02:50.0,02:50.1, , ,02:50.0,158th,+0:55.71,01:19.7,01:25.1,01:23.4, ,01:19.7,135th,+0:21.19,,,,,,,,,,,,,,,,
0,148th,296,Olly Bowen,Gateway Racing,Manual | Male U16,06:27.4,+1:54.95,02:21.7,02:15.8, , , , ,02:15.8,131st,+0:38.30,02:53.0, , , , ,02:53.0,161st,+0:58.75,01:21.6,01:18.6, , ,01:18.6,131st,+0:20.14,,,,,,,,,,,,,,,,
0,149th,140,Eleri Pinner, ,Manual | Female Master,06:28.1,+1:55.64,02:34.3,02:32.4,02:23.9, , , ,02:23.9,155th,+0:46.40,02:51.2,02:46.4,02:40.8, , ,02:40.8,141st,+0:46.50,01:31.5,01:23.4, , ,01:23.4,151st,+0:24.98,,,,,,,,,,,,,,,,
0,150th,62,Katie Bow,Trailbirds,Manual | Female Master,06:28.9,+1:56.44,02:31.3,02:23.9, , , , ,02:23.9,156th,+0:46.43,02:51.3,02:44.4, , , ,02:44.4,149th,+0:50.15,01:25.4,01:20.6, , ,01:20.6,138th,+0:22.10,,,,,,,,,,,,,,,,
0,151st,192,Russell Evans, ,Manual | Male Grand Vet,06:29.7,+1:57.22,02:27.5,02:19.8, , , , ,02:19.8,146th,+0:42.30,03:04.3,02:47.9, , , ,02:47.9,154th,+0:53.66,01:23.9,01:22.0, , ,01:22.0,145th,+0:23.50,,,,,,,,,,,,,,,,
0,152nd,152,Aonghas McLaughlinInstagram, ,Manual | Male Hardtail,06:30.4,+1:57.94,02:39.2,02:24.6, , , , ,02:24.6,159th,+0:47.04,02:40.2,02:45.7, , , ,02:40.2,137th,+0:45.95,01:25.7, , , ,01:25.7,161st,+0:27.19,,,,,,,,,,,,,,,,
0,153rd,184,Jason Pinkney, ,Manual | Male Veteran,06:32.8,+2:00.31,03:15.5,02:36.0, , , , ,02:36.0,179th,+0:58.45,03:12.2,02:44.6, , , ,02:44.6,150th,+0:50.36,01:12.2, , , ,01:12.2,81st,+0:13.74,,,,,,,,,,,,,,,,
0,154th,76,Nathan Curnell, ,Manual | Male Veteran,06:34.5,+2:02.06,02:24.5, , , , , ,02:24.5,158th,+0:46.95,02:47.4, , , , ,02:47.4,152nd,+0:53.15,01:22.7, , , ,01:22.7,149th,+0:24.20,,,,,,,,,,,,,,,,
0,155th,43,Charlie Scott, ,Manual | Male U16,06:35.5,+2:02.99,02:33.3,02:25.7,02:23.0, , , ,02:23.0,154th,+0:45.44,03:55.2,02:43.9, , , ,02:43.9,148th,+0:49.65,01:28.6, , , ,01:28.6,170th,+0:30.14,,,,,,,,,,,,,,,,
0,156th,293,Adam Aspbury, ,Manual | Male Master,06:36.3,+2:03.89,02:35.9,02:30.5, , , , ,02:30.5,169th,+0:52.99,03:02.7,02:43.5, , , ,02:43.5,146th,+0:49.30,01:25.5,01:22.3, , ,01:22.3,146th,+0:23.84,,,,,,,,,,,,,,,,
0,157th,41,Andy Tommey,FOD Night Riders,Manual | Male Master,06:36.5,+2:03.99,03:04.1,02:29.4,02:21.8, , , ,02:21.8,150th,+0:44.25,03:01.1,02:53.1,02:47.9, , ,02:47.9,155th,+0:53.69,01:26.8,01:27.5, , ,01:26.8,162nd,+0:28.29,,,,,,,,,,,,,,,,
0,158th,359,Sarah MorganInstagram, ,Manual | Female Veteran,06:37.3,+2:04.79,02:52.2,02:28.4,02:25.9,02:26.7, , ,02:25.9,161st,+0:48.39,03:12.5,03:04.2,02:47.6, , ,02:47.6,153rd,+0:53.35,01:26.3,01:23.7, , ,01:23.7,152nd=,+0:25.29,,,,,,,,,,,,,,,,
0,159th,57,Sophie SkipperInstagram,Bike Supply Drop,Manual | Female Senior,06:40.3,+2:07.81,02:42.5,02:30.8, , , , ,02:30.8,170th,+0:53.24,03:06.1,02:48.6, , , ,02:48.6,156th,+0:54.36,01:24.7,01:20.9, , ,01:20.9,139th,+0:22.45,,,,,,,,,,,,,,,,
0,160th,208,Evie Lane,BAF,Manual | Female Senior,06:41.9,+2:09.47,02:46.2,02:27.5,02:26.5, , , ,02:26.5,163rd,+0:49.03,03:00.7,02:53.0, , , ,02:53.0,162nd,+0:58.79,01:23.4,01:22.3, , ,01:22.3,147th,+0:23.89,,,,,,,,,,,,,,,,
0,161st,325,Daniel Todd,RLC MTB Enduro Team,Manual | Male Master,06:43.8,+2:11.36,02:34.9,02:22.1, , , , ,02:22.1,151st,+0:44.55,02:57.7,02:56.7, , , ,02:56.7,165th,+1:02.50,01:28.9,01:25.0, , ,01:25.0,158th,+0:26.55,,,,,,,,,,,,,,,,
0,162nd,118,Trevor Harrison, ,Manual | Male Grand Vet,06:46.4,+2:13.97,02:23.8,02:19.1, , , , ,02:19.1,143rd,+0:41.63,03:14.8,02:59.1, , , ,02:59.1,166th,+1:04.89,01:32.5,01:28.1, , ,01:28.1,166th,+0:29.69,,,,,,,,,,,,,,,,
0,163rd,363,Melanie Nykamp, ,Manual | Female Veteran,06:50.7,+2:18.26,03:35.4,02:38.7,02:31.9, , , ,02:31.9,174th,+0:54.40,03:33.5,02:50.2,02:55.7, , ,02:50.2,160th,+0:56.00,01:36.8,01:31.3,01:28.6, ,01:28.6,169th,+0:30.10,,,,,,,,,,,,,,,,
0,164th,193,James BoothbyInstagram,Bike Supply Drop,Manual | Male Master,06:53.0,+2:20.55,03:02.9,02:33.8,02:31.4, , , ,02:31.4,172nd,+0:53.89,03:06.3,02:54.1, , , ,02:54.1,163rd,+0:59.86,01:29.5,01:27.5, , ,01:27.5,165th,+0:29.04,,,,,,,,,,,,,,,,
0,165th,393,Elliott Regnart, ,Manual | Male Senior,06:54.6,+2:22.09,02:39.2,04:07.0, , , , ,02:39.2,181st,+1:01.70,02:50.2,02:59.1, , , ,02:50.2,159th,+0:55.94,01:25.2,01:27.5, , ,01:25.2,159th,+0:26.69,,,,,,,,,,,,,,,,
0,166th,34,Meghan Picaro,FOD Night Riders,Manual | Female Master,06:56.7,+2:24.29,03:12.9,02:32.5,02:28.5, , , ,02:28.5,165th,+0:50.99,03:12.0,03:00.0, , , ,03:00.0,167th,+1:05.75,01:29.7,01:28.3, , ,01:28.3,167th,+0:29.79,,,,,,,,,,,,,,,,
0,167th,185,Fiona McCormickFacebook, ,Manual | Female Grand Vet,06:57.2,+2:24.70,02:40.5,02:29.9, , , , ,02:29.9,168th,+0:52.34,03:19.7,02:56.7, , , ,02:56.7,164th,+1:02.46,01:33.4,01:30.6, , ,01:30.6,173rd,+0:32.14,,,,,,,,,,,,,,,,
0,168th,194,Rowan Spear-BulmerInstagram, ,Manual | Male Master,07:01.1,+2:28.63,02:30.9, , , , , ,02:30.9,171st,+0:53.34,03:29.1,03:01.8, , , ,03:01.8,170th,+1:07.60,01:28.4,01:29.4, , ,01:28.4,168th,+0:29.93,,,,,,,,,,,,,,,,
0,169th,48,Frankie Goulson, ,Manual | Male U16,07:02.3,+2:29.80,02:46.8,02:27.8,02:26.7,02:25.8, , ,02:25.8,160th,+0:48.25,03:32.6,03:04.1, , , ,03:04.1,172nd,+1:09.90,01:42.1,01:32.4, , ,01:32.4,177th,+0:33.89,,,,,,,,,,,,,,,,
0,170th,164,John Scandone, ,Manual | Male Super Vet,07:03.8,+2:31.34,02:29.3,02:31.4, , , , ,02:29.3,166th,+0:51.74,03:23.7,03:01.6, , , ,03:01.6,169th,+1:07.40,02:02.6,01:32.9, , ,01:32.9,178th,+0:34.44,,,,,,,,,,,,,,,,
0,171st,2,Stuart SampsonInstagram,Miltech MTB,Manual | Male Veteran,07:04.8,+2:32.35,02:38.0,02:22.7, , , , ,02:22.7,153rd,+0:45.15,03:11.8,03:10.0, , , ,03:10.0,176th,+1:15.80,01:32.2,01:32.1, , ,01:32.1,176th,+0:33.64,,,,,,,,,,,,,,,,
0,172nd,72,Rowan Hawkins,Far Future,Manual | Male Fun,07:05.5,+2:33.02,02:44.6,02:30.7,02:29.3, , , ,02:29.3,167th,+0:51.78,03:50.2,03:09.2, , , ,03:09.2,175th,+1:14.94,01:32.3,01:27.0, , ,01:27.0,163rd,+0:28.54,,,,,,,,,,,,,,,,
0,173rd,311,Christopher ReesFacebookStrava, ,Manual | Male Veteran,07:06.1,+2:33.64,02:46.9,02:33.1, , , , ,02:33.1,175th,+0:55.59,03:04.0, , , , ,03:04.0,171st,+1:09.75,01:29.0, , , ,01:29.0,171st,+0:30.54,,,,,,,,,,,,,,,,
0,174th,81,Nick Sellors-DuvalInstagram,Miltech MTB,Manual | Male Veteran,07:07.9,+2:35.48,02:54.6,02:34.9, , , , ,02:34.9,177th,+0:57.39,03:07.7,03:08.2, , , ,03:07.7,174th,+1:13.44,01:25.4,01:31.0, , ,01:25.4,160th,+0:26.89,,,,,,,,,,,,,,,,
0,175th,151,Glen Powis, ,Manual | Male Fun,07:10.2,+2:37.70,02:35.6,02:34.7,02:27.3, , , ,02:27.3,164th,+0:49.80,03:19.9,03:01.2, , , ,03:01.2,168th,+1:06.91,02:25.5,01:41.7, , ,01:41.7,189th,+0:43.23,,,,,,,,,,,,,,,,
0,176th,150,Rob Willison, ,Manual | Male Senior,07:15.3,+2:42.80,03:11.6,02:26.4, , , , ,02:26.4,162nd,+0:48.90,03:21.6, , , , ,03:21.6,184th,+1:27.40,01:27.2, , , ,01:27.2,164th,+0:28.74,,,,,,,,,,,,,,,,
0,177th,199,Attila GyorInstagramStrava, ,Manual | Male Fun,07:16.2,+2:43.75,02:39.4, , , , , ,02:39.4,182nd,+1:01.89,03:07.6, , , , ,03:07.6,173rd,+1:13.31,01:29.2, , , ,01:29.2,172nd,+0:30.79,,,,,,,,,,,,,,,,
0,178th,329,Joseph Priest,Risca Riders,Manual | Male Fun,07:17.3,+2:44.88,03:10.8,02:47.0,02:31.7, , , ,02:31.7,173rd,+0:54.19,04:17.0,03:11.9, , , ,03:11.9,179th,+1:17.64,01:42.9,01:33.8, , ,01:33.8,181st,+0:35.29,,,,,,,,,,,,,,,,
0,179th,195,Emma Jordan, ,Manual | Female Veteran,07:20.7,+2:48.25,02:50.6,02:45.2,02:35.7, , , ,02:35.7,178th,+0:58.15,03:11.1,03:11.3, , , ,03:11.1,177th,+1:16.90,01:33.9,01:34.9, , ,01:33.9,182nd,+0:35.44,,,,,,,,,,,,,,,,
0,180th,37,Thomas Lunn, ,Manual | Male Veteran,07:21.5,+2:49.04,02:28.4,02:24.4, , , , ,02:24.4,157th,+0:46.94,03:48.8,03:26.1, , , ,03:26.1,186th,+1:31.85,01:31.0,01:35.9, , ,01:31.0,174th,+0:32.49,,,,,,,,,,,,,,,,
0,181st,198,Evan Neal, ,Manual | Male U16,07:27.0,+2:54.56,02:53.5,02:41.4,02:43.7, , , ,02:41.4,184th,+1:03.85,03:32.7,03:17.7,03:12.3, , ,03:12.3,180th,+1:18.06,01:52.2,01:35.9,01:33.4, ,01:33.4,180th,+0:34.89,,,,,,,,,,,,,,,,
0,182nd,307,Cari Morgan-Williams, ,Manual | Female U18,07:27.6,+2:55.10,02:46.6,02:33.5, , , , ,02:33.5,176th,+0:55.95,03:35.7,03:19.9, , , ,03:19.9,183rd,+1:25.60,01:34.3, , , ,01:34.3,183rd,+0:35.79,,,,,,,,,,,,,,,,
0,183rd,213,Sarah Wilkes, ,Manual | Female Fun,07:39.9,+3:07.44,02:49.0,02:42.8,02:40.8, , , ,02:40.8,183rd,+1:03.34,03:46.9,03:22.1, , , ,03:22.1,185th,+1:27.80,01:45.3,01:37.0, , ,01:37.0,186th,+0:38.54,,,,,,,,,,,,,,,,
0,184th,3,Martin DyerInstagram,MTBJaM,Manual | Male Super Vet,07:40.3,+3:07.85,02:50.8,02:45.8, , , , ,02:45.8,185th,+1:08.24,03:34.0,03:14.1, , , ,03:14.1,181st,+1:19.85,01:43.7,01:40.5, , ,01:40.5,188th,+0:42.00,,,,,,,,,,,,,,,,
0,185th,106,Oliver Methuen, ,Manual | Male Hardtail,07:43.6,+3:11.18,03:16.4,02:36.8, , , , ,02:36.8,180th,+0:59.29,03:30.1, , , , ,03:30.1,187th,+1:35.90,01:37.5,01:36.7, , ,01:36.7,184th,+0:38.23,,,,,,,,,,,,,,,,
0,186th,10,Lorien GordonFacebookInstagram,Bike Supply Drop,Manual | Male Hardtail,07:51.5,+3:18.99,03:06.8, , , , , ,03:06.8,192nd,+1:29.29,03:37.8,03:11.7, , , ,03:11.7,178th,+1:17.45,01:33.0, , , ,01:33.0,179th,+0:34.49,,,,,,,,,,,,,,,,
0,187th,233,Richard Smith, ,Manual | Male Veteran,07:54.1,+3:21.68,03:03.2, , , , , ,03:03.2,191st,+1:25.74,03:19.6, , , , ,03:19.6,182nd,+1:25.35,01:31.3, , , ,01:31.3,175th,+0:32.83,,,,,,,,,,,,,,,,
0,188th,79,Aimee ArnottInstagram, ,Manual | Female Fun,07:55.8,+3:23.30,03:09.3,02:51.0,02:46.3, , , ,02:46.3,186th=,+1:08.74,03:40.1,03:32.6, , , ,03:32.6,188th,+1:38.36,01:38.9,01:36.9, , ,01:36.9,185th,+0:38.44,,,,,,,,,,,,,,,,
0,189th,220,David Carey, ,Manual | Male Veteran,08:23.0,+3:50.49,03:29.6,03:12.7,03:02.2, , , ,03:02.2,190th,+1:24.69,03:43.3,03:38.2, , , ,03:38.2,189th,+1:43.96,01:43.4,01:42.5, , ,01:42.5,191st,+0:44.08,,,,,,,,,,,,,,,,
0,190th,26,Harriet Jenkins, ,Manual | Female Master,08:48.6,+4:16.13,03:08.7, , , , , ,03:08.7,193rd,+1:31.19,03:38.8,03:44.0, , , ,03:38.8,190th,+1:44.55,02:01.1, , , ,02:01.1,193rd,+1:02.63,,,,,,,,,,,,,,,,
0,191st,44,Esme Drakeley,Dreigiau Coed Y Brenin Dragons,Manual | Female U14,08:52.7,+4:20.23,02:59.5, , , , , ,02:59.5,189th,+1:21.99,05:27.2,04:15.4, , , ,04:15.4,192nd,+2:21.15,01:37.8, , , ,01:37.8,187th,+0:39.33,,,,,,,,,,,,,,,,
0,192nd,96,Kieran Mayes, ,Manual | Male Veteran,09:07.4,+4:34.94,03:27.4,03:19.2, , , , ,03:19.2,194th,+1:41.69,04:05.8, , , , ,04:05.8,191st,+2:11.60,01:42.4,01:47.3, , ,01:42.4,190th,+0:43.89,,,,,,,,,,,,,,,,
0,193rd,303,Dylan Lacy,2 wheels only mtb boys,Manual | Male Fun,10:09.0,+5:36.54,07:25.9,03:22.0, , , , ,03:22.0,195th,+1:44.50,04:50.8, , , , ,04:50.8,193rd,+2:56.55,01:56.2, , , ,01:56.2,192nd,+0:57.73,,,,,,,,,,,,,,,,
0,194th,53,Oscar Allen,Ride Bike Wales,Manual | Male U14,17:18.8,+12:46.34,05:55.1, , , , , ,05:55.1,197th,+4:17.59,07:43.5, , , , ,07:43.5,194th,+5:49.29,03:40.2, , , ,03:40.2,195th,+2:41.70,,,,,,,,,,,,,,,,
0,195th,179,Adam Irwin, ,Manual | Male Fun,21:19.6,+16:47.09,02:56.3, , , , , ,02:56.3,188th,+1:18.74,15:11.6, , , , ,15:11.6,195th,+13:17.40,03:11.7, , , ,03:11.7,194th,+2:13.19,,,,,,,,,,,,,,,,
0, ,148,Greg Harper, ,Manual | Female Hardtail,DNF, ,03:31.8, , , , , ,03:31.8,196th,+1:54.30, , , , , , , , , , , , , , , ,,,,,,,,,,,,,,,,
0, ,104,Chris Elias, ,Manual | Male Master,DNF, ,02:46.3, , , , , ,02:46.3,186th=,+1:08.74, , , , , , , , , , , , , , , ,,,,,,,,,,,,,,,,
E,1st,60,Connor WalkleyInstagram,Muddy goats,Ebike | Male Under 35,05:43.8, ,01:51.4,01:46.9,01:39.9, , , , , ,01:39.9,1st, ,02:03.9,02:01.1, , , , , , ,02:01.1,9th,+0:05.81,01:03.4,01:02.6, , , ,01:02.6,4th,+0:01.37,01:06.2,01:00.3, , , , , ,01:00.3,1st, 
E,2nd,400,Nikki Whiles, ,Ebike | Male 35-49,05:45.5,+0:01.72,01:47.0,01:43.0,01:42.9, , , , , ,01:42.9,3rd,+0:03.00,02:14.6,02:02.8,01:57.7, , , , , ,01:57.7,2nd,+0:02.36,01:04.2,01:01.5,01:01.2, , ,01:01.2,1st, ,01:07.3,01:03.8, , , , , ,01:03.8,9th,+0:03.54
E,3rd,345,Stu Hughes,"Pinned TV, KEV FACTORY RACING",Ebike | Male 35-49,05:47.4,+0:03.65,01:55.0,01:43.8,01:43.9, , , , , ,01:43.8,4th,+0:03.95,02:14.7,02:00.3,01:59.5, , , , , ,01:59.5,5th,+0:04.21,01:07.4,01:03.5, , , ,01:03.5,7th,+0:02.27,01:13.1,01:05.8,01:01.1,01:00.7, , , ,01:00.7,2nd,+0:00.40
E,4th,353,Carl Walker, ,Ebike | Male Under 35,05:48.6,+0:04.85,02:07.0,01:55.3,01:48.0,01:46.8,01:54.8,01:43.9,01:41.1, ,01:41.1,2nd,+0:01.28,02:11.8,02:01.3,02:00.6,02:02.0,01:55.3,02:05.8,02:02.2,01:57.1,01:55.3,1st, ,01:07.7,01:06.0,01:04.2, , ,01:04.2,8th=,+0:02.96,01:13.5,01:08.0, , , , , ,01:08.0,24th,+0:07.79
E,5th,196,Lee HowellsFacebookInstagram,Don Skene Cycles,Ebike | Male 35-49,05:49.3,+0:05.54,02:10.4,01:51.3,01:44.8,01:45.1, , , , ,01:44.8,7th,+0:04.94,02:10.4,02:05.9,01:59.3, , , , , ,01:59.3,4th,+0:04.01,01:06.7,01:05.7,01:03.0,01:03.8, ,01:03.0,6th,+0:01.81,01:13.5,01:06.1,01:05.4,01:02.2, , , ,01:02.2,3rd,+0:01.96
E,6th,126,Oliver Mckenna,Hunt,Ebike | Male 35-49,05:50.5,+0:06.73,05:34.4,01:58.7,01:48.3,01:45.4, , , , ,01:45.4,8th,+0:05.58,05:23.4,02:08.0,02:03.7,02:00.3, , , , ,02:00.3,6th,+0:05.01,02:16.3,01:06.7,01:02.4, , ,01:02.4,3rd,+0:01.22,02:28.0,01:20.3,02:04.2,01:06.1,01:05.3,01:02.4, ,01:02.4,4th,+0:02.10
E,7th,239,Ian Dowell,Rhondda mtb,Ebike | Male 35-49,05:51.0,+0:07.19,01:54.2,01:53.8,01:50.0,01:47.9, , , , ,01:47.9,17th,+0:08.05,02:09.7,02:23.8,02:01.3,01:58.1,02:03.3, , , ,01:58.1,3rd,+0:02.81,01:04.3,01:08.4,01:03.6,01:04.7,01:01.8,01:01.8,2nd,+0:00.66,01:15.8,01:08.1,01:11.4,01:03.1, , , ,01:03.1,6th,+0:02.85
E,8th,144,Carl Thomas,Mud Yutters,Ebike | Male 35-49,05:55.5,+0:11.74,01:53.1,01:48.0,01:46.8, , , , , ,01:46.8,12th,+0:06.95,02:15.1,02:07.8,02:06.4,02:03.3, , , , ,02:03.3,14th,+0:08.02,01:05.4,01:02.9, , , ,01:02.9,5th,+0:01.76,01:11.8,01:20.6,01:04.5,01:02.4, , , ,01:02.4,5th,+0:02.19
E,9th,374,James Robert,Rip + Tear,Ebike | Male Under 35,05:56.1,+0:12.35,01:51.0,01:45.6,01:44.1, , , , , ,01:44.1,5th,+0:04.20,02:10.3,02:03.4, , , , , , ,02:03.4,15th,+0:08.12,01:05.3,01:04.2, , , ,01:04.2,8th=,+0:02.96,01:04.5,01:27.7, , , , , ,01:04.5,10th,+0:04.25
E,10th,306,Charlie Cooper-DaviesInstagram, ,Ebike | Male Under 35,05:58.7,+0:14.89,01:56.6,01:51.0,01:47.5,01:46.8,01:44.7, , , ,01:44.7,6th,+0:04.84,02:26.3,02:07.8,02:04.4,02:08.0, , , , ,02:04.4,16th,+0:09.11,01:04.6,01:05.8,01:05.1, , ,01:04.6,12th,+0:03.36,01:08.2,01:10.2,01:05.0, , , , ,01:05.0,12th,+0:04.76
E,11th,285,Sam RobertsInstagramStrava,Jam Splits,Ebike | Male Under 35,05:58.9,+0:15.10,02:13.9,01:53.2,01:47.4,01:46.3, , , , ,01:46.3,10th,+0:06.40,02:17.9,02:06.2,02:00.6, , , , , ,02:00.6,7th,+0:05.35,01:08.0,01:07.4,01:05.1, , ,01:05.1,16th,+0:03.87,01:22.2,01:06.9, , , , , ,01:06.9,20th,+0:06.66
E,12th,344,Jim BuchananInstagram,Pinned TV,Ebike | Male 50-59,05:59.1,+0:15.33,01:55.5,01:51.0,01:49.2, , , , , ,01:49.2,20th,+0:09.35,02:15.7,02:01.4, , , , , , ,02:01.4,10th,+0:06.06,01:09.1,01:07.8,01:04.8, , ,01:04.8,13th,+0:03.60,01:13.6,01:15.7,01:17.3,01:05.6,01:05.5,01:03.8, ,01:03.8,8th,+0:03.50
E,13th,69,Jack Walkley,Muddy goats,Ebike | Male Under 35,06:00.5,+0:16.74,01:54.3,01:46.7, , , , , , ,01:46.7,11th,+0:06.84,02:06.7,02:05.9, , , , , , ,02:05.9,21st,+0:10.62,01:04.3,01:06.4, , , ,01:04.3,10th=,+0:03.16,01:07.5,01:03.6, , , , , ,01:03.6,7th,+0:03.30
E,14th,130,Joshua Collins, ,Ebike | Male Under 35,06:00.6,+0:16.84,02:05.3,01:50.2,01:50.8,01:47.4,01:47.4, , , ,01:47.4,14th,+0:07.49,02:31.8,02:09.1,02:07.4,02:05.5,02:03.0, , , ,02:03.0,13th,+0:07.67,01:07.5,01:06.4,01:04.9, , ,01:04.9,15th,+0:03.71,01:41.7,01:20.1,01:26.7,01:08.9,01:19.4,01:08.5,01:05.4,01:05.4,13th,+0:05.15
E,15th,170,Liam MurrayInstagram,The Collective Race Team,Ebike | Male Under 35,06:00.9,+0:17.12,02:07.1,01:54.7,01:50.3,01:47.1, , , , ,01:47.1,13th,+0:07.24,02:38.8,02:04.7,02:02.8, , , , , ,02:02.8,12th,+0:07.51,01:06.1, , , , ,01:06.1,22nd,+0:04.96,01:31.7,01:10.1,01:04.8,01:05.7, , , ,01:04.8,11th,+0:04.59
E,16th,287,Efan Loring,Jam Splits,Ebike | Male Under 35,06:01.2,+0:17.42,02:12.1,01:51.3,01:48.0, , , , , ,01:48.0,18th,+0:08.18,02:13.2,02:00.7, , , , , , ,02:00.7,8th,+0:05.36,01:08.2,01:04.9,01:05.8, , ,01:04.9,14th,+0:03.66,01:18.2,01:07.6, , , , , ,01:07.6,22nd,+0:07.40
E,17th,226,Gareth Orourke, ,Ebike | Male 35-49,06:03.5,+0:19.69,02:01.5,01:54.5,01:51.4,01:49.8, , , , ,01:49.8,21st,+0:09.95,02:09.2,02:06.7,02:01.7, , , , , ,02:01.7,11th,+0:06.40,01:08.0,01:05.5,01:07.6,01:06.2, ,01:05.5,17th,+0:04.27,01:11.8,01:06.5, , , , , ,01:06.5,16th,+0:06.25
E,18th,357,Peter CrookesFacebookInstagram, ,Ebike | Male 35-49,06:05.2,+0:21.43,01:52.3,01:47.4,01:45.7, , , , , ,01:45.7,9th,+0:05.84,02:15.0,02:07.6,02:05.3, , , , , ,02:05.3,17th,+0:09.96,01:31.6,01:07.6, , , ,01:07.6,31st,+0:06.46,01:08.3,01:08.7,01:06.6,01:07.4, , , ,01:06.6,18th,+0:06.35
E,19th,234,Jordan JamesInstagram,Rhondda mtb,Ebike | Male Under 35,06:05.8,+0:22.01,01:55.7,01:49.1,01:49.6,01:47.5, , , , ,01:47.5,15th,+0:07.64,02:13.6,02:10.0,02:05.9, , , , , ,02:05.9,22nd,+0:10.65,01:08.0,01:13.5,01:06.0,01:05.8,01:08.1,01:05.8,19th=,+0:04.56,01:25.4,01:11.1,01:13.7,01:06.6, , , ,01:06.6,17th,+0:06.34
E,20th,267,David MooreInstagram,The Collective Race Team,Ebike | Male 35-49,06:08.7,+0:24.91,02:07.0,01:57.4,01:47.7,01:48.1, , , , ,01:47.7,16th,+0:07.84,02:39.0,02:13.0,02:05.8, , , , , ,02:05.8,20th,+0:10.52,01:06.7, , , , ,01:06.7,25th,+0:05.52,01:32.6,01:16.5,01:08.5,01:28.1, , , ,01:08.5,26th,+0:08.21
E,21st,390,Dom Morgan, ,Ebike | Male 35-49,06:10.6,+0:26.78,02:07.6,01:58.5,01:53.0,01:51.4,01:48.5, , , ,01:48.5,19th,+0:08.68,02:13.8,02:10.5,02:09.1, , , , , ,02:09.1,24th,+0:13.85,01:08.8,01:07.3,01:06.2, , ,01:06.2,23rd,+0:04.97,01:14.2,01:13.3,01:08.1,01:06.7, , , ,01:06.7,19th,+0:06.46
E,22nd,50,Stuart Howard, ,Ebike | Male 35-49,06:13.1,+0:29.28,02:12.8,01:55.4,01:55.2,01:54.0,01:54.3, , , ,01:54.0,29th,+0:14.09,02:21.7,02:13.3,02:10.4,02:09.1,02:05.6, , , ,02:05.6,19th,+0:10.31,01:12.4,01:07.1,01:08.8, , ,01:07.1,27th,+0:05.91,01:22.3,01:09.0,01:06.4, , , , ,01:06.4,14th=,+0:06.15
E,23rd,182,Jake Thomas,Zerobikes,Ebike | Male Under 35,06:13.9,+0:30.14,02:40.8,01:57.5,01:52.3, , , , , ,01:52.3,25th,+0:12.45,02:27.4,02:10.8,02:05.6, , , , , ,02:05.6,18th,+0:10.27,01:10.3,01:07.0, , , ,01:07.0,26th,+0:05.85,01:41.8,01:47.1,01:09.0,01:21.7, , , ,01:09.0,27th,+0:08.75
E,24th,294,Alex PowellInstagram,Sunday Club Biking do oo,Ebike | Male 35-49,06:14.6,+0:30.78,01:58.8,01:52.2,01:51.0,01:51.3, , , , ,01:51.0,23rd,+0:11.18,02:17.8,02:14.2,02:12.1, , , , , ,02:12.1,36th,+0:16.77,01:07.7,01:06.7,01:04.3, , ,01:04.3,10th=,+0:03.16,01:18.7,01:15.6,01:59.0,01:08.3,01:12.7,01:07.1, ,01:07.1,21st,+0:06.85
E,25th,61,Mike Turner,Zerobikes,Ebike | Male 35-49,06:18.5,+0:34.68,02:06.8,01:56.3,01:55.0,01:52.1, , , , ,01:52.1,24th,+0:12.23,02:13.3,02:11.6, , , , , , ,02:11.6,34th,+0:16.26,01:10.1,01:05.7, , , ,01:05.7,18th,+0:04.46,01:15.9,01:10.0,01:09.2, , , , ,01:09.2,28th,+0:08.91
E,26th,103,Ollie Jenkins, ,Ebike | Male 35-49,06:21.2,+0:37.39,01:58.1,01:52.7, , , , , , ,01:52.7,26th,+0:12.89,02:19.9,02:11.4, , , , , , ,02:11.4,33rd,+0:16.12,01:13.3,01:09.0,01:05.8, , ,01:05.8,19th=,+0:04.56,01:19.3,01:11.2, , , , , ,01:11.2,31st,+0:11.00
E,27th,157,Ryan Abbott, ,Ebike | Male 35-49,06:22.2,+0:38.42,01:58.6,01:54.5,01:54.9, , , , , ,01:54.5,32nd,+0:14.68,02:11.3,02:12.6, , , , , , ,02:11.3,30th,+0:15.96,01:08.5,01:09.8, , , ,01:08.5,37th,+0:07.27,01:31.2,01:24.4,01:41.2,01:07.9, , , ,01:07.9,23rd,+0:07.69
E,28th,21,Tom Barber,Ebike W.N.K.R.S,Ebike | Male 35-49,06:23.1,+0:39.33,02:09.5,01:59.2,01:54.7,01:56.7,01:55.4, , , ,01:54.7,33rd,+0:14.85,02:24.9,02:26.2,02:09.3, , , , , ,02:09.3,25th,+0:14.00,01:10.7,01:09.0,01:06.2, , ,01:06.2,24th,+0:05.06,01:17.7,01:17.3,01:13.6,01:23.0,01:12.9, , ,01:12.9,36th,+0:12.60
E,29th,175,Leigh WilliamsInstagram, ,Ebike | Male 35-49,06:23.1,+0:39.34,02:10.5,01:58.9,01:56.7, , , , , ,01:56.7,37th,+0:16.80,02:22.6,02:10.3,02:10.9, , , , , ,02:10.3,26th,+0:14.96,01:11.9,01:10.8,01:07.8, , ,01:07.8,32nd,+0:06.57,01:20.2,01:11.8,01:08.4, , , , ,01:08.4,25th,+0:08.19
E,30th,102,Mark Baker,Fatcreations,Ebike | Male 35-49,06:23.1,+0:39.36,01:57.8,01:53.2,01:50.3, , , , , ,01:50.3,22nd,+0:10.43,02:20.4,02:12.4, , , , , , ,02:12.4,38th,+0:17.15,01:10.8,01:07.5, , , ,01:07.5,30th,+0:06.32,01:21.8,01:12.9, , , , , ,01:12.9,37th,+0:12.64
E,31st,125,Nigel John,Lodge Cycles,Ebike | Male 50-59,06:23.6,+0:39.82,02:01.5,01:56.4,01:53.2,01:55.4, , , , ,01:53.2,27th,+0:13.35,02:20.0,02:13.6,02:10.5, , , , , ,02:10.5,27th,+0:15.22,01:13.7,01:10.3,01:08.5,01:07.8, ,01:07.8,33rd,+0:06.62,01:18.1,01:13.8,01:15.4,01:12.1,02:00.6, , ,01:12.1,34th,+0:11.81
E,32nd,299,Sam Turner,South Wales Syndicate,Ebike | Male Under 35,06:25.4,+0:41.65,02:03.9,01:54.7,01:54.2,01:57.3, , , , ,01:54.2,31st,+0:14.30,03:04.0,02:39.9,02:12.8,02:12.8, , , , ,02:12.8,39th,+0:17.50,01:08.4,01:10.0, , , ,01:08.4,36th,+0:07.22,01:17.1,01:10.1,02:20.0,01:15.3, , , ,01:10.1,29th,+0:09.81
E,33rd,333,Josh EvansInstagram, ,Ebike | Male Under 35,06:26.3,+0:42.57,01:59.7,01:54.1,01:53.5, , , , , ,01:53.5,28th,+0:13.64,02:35.4,02:19.6,02:13.7,02:11.3, , , , ,02:11.3,31st,+0:16.01,01:07.9,01:09.9,01:10.0, , ,01:07.9,34th,+0:06.71,01:25.3,01:13.6, , , , , ,01:13.6,39th,+0:13.39
E,34th,59,Jason LewisInstagram,Don Skene Cycles,Ebike | Male 35-49,06:26.6,+0:42.86,02:07.3,02:04.5,02:00.0, , , , , ,02:00.0,56th,+0:20.10,02:19.3,02:13.1,02:15.8, , , , , ,02:13.1,41st,+0:17.82,01:07.6,01:07.6,01:07.6,01:07.2, ,01:07.2,29th,+0:05.97,01:24.6,01:11.5,01:30.0,01:08.8,01:31.9,01:06.4, ,01:06.4,14th=,+0:06.15
E,35th,322,Conor BushFacebookInstagram,Gnar Mech Cycles,Ebike | Male Under 35,06:27.3,+0:43.55,02:11.0,02:04.0,01:57.0, , , , , ,01:57.0,39th,+0:17.10,02:17.6,02:07.4, , , , , , ,02:07.4,23rd,+0:12.06,01:13.5,01:11.2, , , ,01:11.2,51st,+0:09.97,01:20.9,01:11.9, , , , , ,01:11.9,33rd,+0:11.60
E,36th,7,Andrew JonesInstagram, ,Ebike | Male 35-49,06:29.1,+0:45.28,02:10.5,01:59.9,02:01.8, , , , , ,01:59.9,55th,+0:20.04,02:22.3,02:10.6,02:14.1, , , , , ,02:10.6,28th,+0:15.27,01:07.0,01:06.0,01:06.0, , ,01:06.0,21st,+0:04.81,01:13.3,01:12.6, , , , , ,01:12.6,35th,+0:12.34
E,37th,178,Geraint Wright, ,Ebike | Male 50-59,06:30.4,+0:46.60,02:12.9,01:57.5,01:56.7, , , , , ,01:56.7,38th,+0:16.84,02:23.6,02:11.3,02:15.0, , , , , ,02:11.3,32nd,+0:16.02,01:18.1,01:10.7,01:08.2, , ,01:08.2,35th,+0:06.97,01:25.8,01:26.8,01:14.2, , , , ,01:14.2,41st,+0:13.95
E,38th,145,Andrew Dawson,Mud Yutters,Ebike | Male 50-59,06:31.2,+0:47.38,02:03.7,01:57.5,01:57.2, , , , , ,01:57.2,41st,+0:17.39,02:28.4,02:11.7,02:11.8,02:14.1,02:11.2, , , ,02:11.2,29th,+0:15.92,01:11.7,01:09.3, , , ,01:09.3,42nd,+0:08.10,01:13.4,01:14.7, , , , , ,01:13.4,38th,+0:13.15
E,39th,154,David Williams,Drop in,Ebike | Male Under 35,06:33.2,+0:49.43,02:04.4,02:00.9,01:57.2,01:57.4,01:55.3,01:55.0, , ,01:55.0,35th,+0:15.09,02:34.6,02:14.3,02:43.4, , , , , ,02:14.3,44th,+0:19.00,01:07.1,01:08.3, , , ,01:07.1,28th,+0:05.92,01:16.9,01:19.8, , , , , ,01:16.9,53rd,+0:16.60
E,40th,147,Rich WiltshireFacebookInstagram,BSD Racing Team,Ebike | Male 35-49,06:35.3,+0:51.54,02:07.6,01:57.6,01:58.0,01:56.2,01:54.0, , , ,01:54.0,30th,+0:14.10,02:37.5,02:23.1,02:14.5,02:11.7, , , , ,02:11.7,35th,+0:16.37,01:19.3,01:15.5,01:13.5, , ,01:13.5,65th,+0:12.35,01:32.3,01:22.9,01:16.2, , , , ,01:16.2,50th,+0:15.90
E,41st,254,Luke Greenwood,The Trailhead Bicycle Company,Ebike | Male 35-49,06:35.9,+0:52.09,02:03.7,02:01.2,02:02.8, , , , , ,02:01.2,64th,+0:21.35,02:22.8,02:15.1,02:19.8,02:31.4, , , , ,02:15.1,47th,+0:19.80,01:10.7,01:11.1,01:09.5, , ,01:09.5,44th,+0:08.27,01:31.8,01:11.1,01:10.1, , , , ,01:10.1,30th,+0:09.85
E,42nd,251,Cory ThomasFacebookInstagram,Sunday Club Biking do oo,Ebike | Male Under 35,06:37.3,+0:53.55,02:01.8,01:59.0,01:57.3, , , , , ,01:57.3,42nd,+0:17.44,02:24.5,02:14.2,02:13.1, , , , , ,02:13.1,40th,+0:17.81,01:11.7,01:13.1,01:11.3,01:08.6, ,01:08.6,39th,+0:07.42,01:22.6,01:22.7,01:27.5,01:18.3,01:19.5, , ,01:18.3,59th=,+0:18.06
E,43rd,86,Jon Park, ,Ebike | Male 35-49,06:39.3,+0:55.50,02:12.0,02:03.3,01:57.9, , , , , ,01:57.9,47th,+0:18.05,02:24.3,02:13.9,02:32.5, , , , , ,02:13.9,43rd,+0:18.56,01:09.9,01:10.2, , , ,01:09.9,45th=,+0:08.71,01:17.6,01:22.6, , , , , ,01:17.6,56th,+0:17.36
E,44th,326,Ben Grabham, ,Ebike | Male Under 35,06:40.0,+0:56.18,02:28.0,02:01.8,01:57.6,02:03.7,02:00.0, , , ,01:57.6,46th,+0:17.78,02:27.0,02:13.6,02:14.4, , , , , ,02:13.6,42nd,+0:18.31,01:08.9,01:20.0,01:08.9,01:10.8, ,01:08.9,41st,+0:07.71,01:25.3,01:19.8,01:20.5,01:26.3, , , ,01:19.8,66th,+0:19.56
E,45th,280,Dafydd KeeneInstagram,Sunday Club Biking do oo,Ebike | Male Under 35,06:40.3,+0:56.50,02:01.9,01:57.5,01:59.4, , , , , ,01:57.5,44th,+0:17.60,02:33.2,02:17.0, , , , , , ,02:17.0,54th,+0:21.71,01:11.6,01:08.6,01:09.4,01:09.2, ,01:08.6,38th,+0:07.37,01:21.6,01:17.3,01:20.6, , , , ,01:17.3,54th,+0:17.00
E,46th,231,Graham Upton-Pittaway,Cannondale,Ebike | Male 35-49,06:40.3,+0:56.57,02:00.2,01:58.6, , , , , , ,01:58.6,52nd,+0:18.78,02:14.3, , , , , , , ,02:14.3,45th,+0:19.01,01:13.7,01:10.6,01:08.6, , ,01:08.6,40th,+0:07.46,01:18.7,01:30.2,01:20.4,01:20.2, , , ,01:18.7,61st,+0:18.50
E,47th,171,Robert SalmonInstagram,Flow Apprel /spokes bike shop,Ebike | Male 35-49,06:40.6,+0:56.80,02:10.1,02:04.9,02:02.8, , , , , ,02:02.8,69th,+0:22.90,02:50.1,02:25.1,02:16.2, , , , , ,02:16.2,50th,+0:20.87,01:10.1,01:09.9, , , ,01:09.9,45th=,+0:08.71,01:23.4,01:11.8,01:14.0,01:12.4, , , ,01:11.8,32nd,+0:11.50
E,48th,6,Thomas Evans,"MIJ Downhill Events, royal racing, viris goggles",Ebike | Male Under 35,06:41.6,+0:57.83,02:21.2,02:01.0,01:57.0, , , , , ,01:57.0,40th,+0:17.15,02:24.7,02:18.0, , , , , , ,02:18.0,56th,+0:22.71,01:11.9,01:26.9,01:12.8, , ,01:11.9,55th,+0:10.75,01:25.1,01:14.6,01:27.7, , , , ,01:14.6,44th,+0:14.40
E,49th,46,Horsnell Gareth, ,Ebike | Male 35-49,06:43.2,+0:59.39,02:14.9,02:07.1,02:02.8, , , , , ,02:02.8,68th,+0:22.89,02:24.4,02:15.0,02:16.5, , , , , ,02:15.0,46th,+0:19.67,01:14.4,01:12.6,01:10.8, , ,01:10.8,49th,+0:09.57,01:28.0,01:18.5,01:23.4,01:14.7, , , ,01:14.7,45th,+0:14.44
E,50th,304,Alan Strang,Team Moron,Ebike | Male 35-49,06:44.3,+1:00.56,02:19.9,02:02.6,02:10.3,01:58.5, , , , ,01:58.5,50th,+0:18.64,02:52.2,02:22.8,02:16.4, , , , , ,02:16.4,51st,+0:21.10,01:10.7,01:09.4,01:11.2, , ,01:09.4,43rd,+0:08.20,01:32.4,01:20.0,01:29.6,01:22.1, , , ,01:20.0,67th,+0:19.80
E,51st,305,Jamie Woodward, ,Ebike | Male 50-59,06:46.2,+1:02.45,02:17.5,02:06.6,02:05.4,02:00.9, , , , ,02:00.9,60th,+0:21.05,02:26.6,02:19.3,02:18.8, , , , , ,02:18.8,57th,+0:23.46,01:16.4,01:12.9, , , ,01:12.9,60th=,+0:11.71,01:15.2,01:15.4,01:13.7, , , , ,01:13.7,40th,+0:13.41
E,52nd,172,Dale Cox,Drop in,Ebike | Male Under 35,06:46.9,+1:03.15,02:10.4,02:07.5,02:04.2,02:00.0,01:58.4,01:57.5, , ,01:57.5,45th,+0:17.64,02:38.3,02:17.0, , , , , , ,02:17.0,53rd,+0:21.67,01:15.5,01:12.8, , , ,01:12.8,58th=,+0:11.61,01:23.9,01:19.7, , , , , ,01:19.7,65th,+0:19.41
E,53rd,143,Mark Pearce,Team jj,Ebike | Male 60+,06:48.1,+1:04.31,02:09.6,02:04.0,01:58.4, , , , , ,01:58.4,49th,+0:18.50,02:25.8,02:16.7,02:34.0, , , , , ,02:16.7,52nd,+0:21.37,01:14.5,01:11.7, , , ,01:11.7,54th,+0:10.52,01:29.5,01:21.4, , , , , ,01:21.4,70th,+0:21.10
E,54th,141,Tom Nicholas, ,Ebike | Male 35-49,06:49.1,+1:05.37,02:04.8,02:00.6, , , , , , ,02:00.6,59th,+0:20.73,02:23.2,02:16.1, , , , , , ,02:16.1,49th,+0:20.82,01:16.0, , , , ,01:16.0,79th,+0:14.81,01:16.4,01:25.3, , , , , ,01:16.4,51st,+0:16.19
E,55th,176,Benjamin Rowland, ,Ebike | Male 35-49,06:49.7,+1:05.95,01:58.6, , , , , , , ,01:58.6,53rd,+0:18.79,02:38.3,02:25.0, , , , , , ,02:25.0,73rd,+0:29.71,01:10.2, , , , ,01:10.2,47th,+0:08.97,01:17.8,01:15.9, , , , , ,01:15.9,49th,+0:15.66
E,56th,274,Colin Jeffery, ,Ebike | Male 50-59,06:49.8,+1:05.98,02:24.7,02:14.7,02:04.5,02:00.3, , , , ,02:00.3,58th,+0:20.45,02:30.9,02:30.9,02:21.0, , , , , ,02:21.0,63rd,+0:25.75,01:19.3,01:13.9, , , ,01:13.9,69th,+0:12.71,01:20.6,01:14.5,01:22.6, , , , ,01:14.5,43rd,+0:14.25
E,57th,94,David Park,Team jj,Ebike | Male 35-49,06:50.0,+1:06.22,02:10.8,02:00.9, , , , , , ,02:00.9,61st,+0:21.08,02:23.8,02:12.3, , , , , , ,02:12.3,37th,+0:17.00,01:13.0, , , , ,01:13.0,62nd,+0:11.76,01:39.2,01:23.8, , , , , ,01:23.8,76th,+0:23.56
E,58th,132,Zak ReesInstagram, ,Ebike | Male Under 35,06:51.4,+1:07.68,02:12.5,02:11.1,01:57.5, , , , , ,01:57.5,43rd,+0:17.59,02:41.3,02:17.7, , , , , , ,02:17.7,55th,+0:22.40,01:12.1,01:12.5, , , ,01:12.1,57th,+0:10.91,01:24.2, , , , , , ,01:24.2,78th,+0:23.96
E,59th,162,Jordan Phillips,Drop in,Ebike | Male Under 35,06:52.2,+1:08.38,02:12.7,02:09.4,02:02.6,04:00.4,01:58.5,02:01.9, , ,01:58.5,51st,+0:18.69,03:46.8,02:24.0, , , , , , ,02:24.0,70th,+0:28.71,01:17.9,01:10.6, , , ,01:10.6,48th,+0:09.41,01:30.0,01:19.0, , , , , ,01:19.0,62nd,+0:18.75
E,60th,309,Sam Clarke, ,Ebike | Male 35-49,06:52.6,+1:08.83,02:07.2,01:59.9, , , , , , ,01:59.9,54th,+0:19.99,02:32.1,02:22.5, , , , , , ,02:22.5,68th,+0:27.21,01:13.5,01:15.7, , , ,01:13.5,64th,+0:12.31,01:23.8,01:16.8, , , , , ,01:16.8,52nd,+0:16.50
E,61st,70,Tim Milsom,Zerobikes,Ebike | Male 35-49,06:53.5,+1:09.68,02:37.0,02:09.3,02:00.9, , , , , ,02:00.9,62nd,+0:21.09,02:40.1,02:23.9,02:22.3, , , , , ,02:22.3,67th,+0:26.96,01:17.5,01:14.6, , , ,01:14.6,74th,+0:13.41,01:43.7,01:30.2,01:15.7,01:17.3, , , ,01:15.7,48th,+0:15.40
E,62nd,18,Ian Bray,"MIJ Downhill, royal racing, 7idp, kingud",Ebike | Male 50-59,06:54.5,+1:10.73,02:12.1,02:01.7,01:58.0, , , , , ,01:58.0,48th,+0:18.14,02:46.5,02:21.7, , , , , , ,02:21.7,65th,+0:26.41,01:20.4,01:15.4,01:13.7, , ,01:13.7,68th,+0:12.51,01:26.8,01:21.1,01:46.2, , , , ,01:21.1,69th,+0:20.85
E,63rd,25,Oliver Elliott,FOD Night Riders,Ebike | Male 35-49,06:55.5,+1:11.69,02:19.7,02:04.1, , , , , , ,02:04.1,72nd,+0:24.24,02:36.9,02:23.4, , , , , , ,02:23.4,69th,+0:28.11,01:14.2,01:16.2,01:13.1, , ,01:13.1,63rd,+0:11.92,01:29.1,01:24.9,01:14.8, , , , ,01:14.8,47th,+0:14.60
E,64th,323,Kai Bush,Gnar Mech Cycles,Ebike | Male Under 35,06:55.8,+1:12.00,02:24.4,02:28.7,02:01.7, , , , , ,02:01.7,65th,+0:21.80,02:42.9,02:24.4, , , , , , ,02:24.4,72nd,+0:29.07,01:15.6,01:12.0, , , ,01:12.0,56th,+0:10.81,01:31.9,01:17.7, , , , , ,01:17.7,57th,+0:17.50
E,65th,187,Joe Ruck,Zerobikes,Ebike | Male Under 35,06:56.1,+1:12.31,02:27.5,02:08.2,02:05.5, , , , , ,02:05.5,77th,+0:25.65,02:27.9,02:20.3, , , , , , ,02:20.3,60th,+0:25.02,01:17.2,01:12.8, , , ,01:12.8,58th=,+0:11.61,01:26.1,01:29.9,01:17.5, , , , ,01:17.5,55th,+0:17.21
E,66th,174,Charlie Cooke, ,Ebike | Male Under 35,06:57.1,+1:13.35,04:12.4,02:10.8,02:02.8, , , , , ,02:02.8,70th,+0:22.95,02:25.8,02:24.2, , , , , , ,02:24.2,71st,+0:28.91,01:10.8, , , , ,01:10.8,50th,+0:09.62,01:48.9,01:19.3,02:17.8, , , , ,01:19.3,63rd,+0:19.05
E,67th,283,Robbie Deverill-Thomas,Clydach MTB,Ebike | Male 35-49,06:57.2,+1:13.40,02:16.2,02:08.5,02:05.5, , , , , ,02:05.5,76th,+0:25.64,02:34.1,02:25.6,02:25.7, , , , , ,02:25.6,75th,+0:30.27,01:13.2,01:13.5,01:13.2,01:11.3, ,01:11.3,53rd,+0:10.11,01:27.3,01:21.9,01:14.8, , , , ,01:14.8,46th,+0:14.56
E,68th,173,Jay DowlingInstagram, ,Ebike | Male Under 35,06:58.9,+1:15.14,04:02.2,02:07.4,02:13.1,02:03.9,02:09.9,02:00.0, , ,02:00.0,57th,+0:20.14,02:24.7,02:23.8,02:20.9, , , , , ,02:20.9,61st,+0:25.62,01:16.1,01:16.1, , , ,01:16.1,80th,+0:14.91,01:24.3,01:21.9,01:38.8, , , , ,01:21.9,71st,+0:21.65
E,69th,66,Liam WilliamsInstagram,Bwl MTB,Ebike | Male Under 35,07:00.4,+1:16.58,02:10.8,02:00.5,01:56.2,01:56.1, , , , ,01:56.1,36th,+0:16.24,03:11.8,02:20.9,02:15.8,02:50.5, , , , ,02:15.8,48th,+0:20.46,01:12.9, , , , ,01:12.9,60th=,+0:11.71,01:35.6, , , , , , ,01:35.6,97th,+0:35.35
E,70th,168,Tim Bridges, ,Ebike | Male 50-59,07:03.5,+1:19.75,02:14.6,02:07.7,02:08.5,02:07.4, , , , ,02:07.4,80th,+0:27.54,02:24.7,02:26.5,02:19.7, , , , , ,02:19.7,59th,+0:24.41,01:17.7,01:17.6,01:14.1, , ,01:14.1,72nd,+0:12.92,01:43.8,01:22.3,01:26.1, , , , ,01:22.3,72nd,+0:22.06
E,71st,85,Richard Williams,Team jj,Ebike | Male 50-59,07:04.2,+1:20.39,02:16.5,02:02.0, , , , , , ,02:02.0,66th,+0:22.14,02:33.1,02:22.1, , , , , , ,02:22.1,66th,+0:26.80,01:16.5,01:48.1, , , ,01:16.5,81st,+0:15.32,01:34.2,01:23.6, , , , , ,01:23.6,74th,+0:23.31
E,72nd,250,David LaceyInstagram,Sunday Club Biking do oo,Ebike | Male Under 35,07:05.2,+1:21.47,02:09.1,02:03.1,02:02.2,02:08.6, , , , ,02:02.2,67th,+0:22.34,02:29.3,02:28.4, , , , , , ,02:28.4,81st,+0:33.11,01:16.9,01:14.0,01:14.4, , ,01:14.0,70th,+0:12.76,01:30.7,01:20.7, , , , , ,01:20.7,68th,+0:20.44
E,73rd,396,Jamie Lynn, ,Ebike | Male 35-49,07:05.8,+1:22.07,02:13.0,02:03.3, , , , , , ,02:03.3,71st,+0:23.43,02:28.0,02:28.2, , , , , , ,02:28.0,80th,+0:32.71,01:16.6, , , , ,01:16.6,82nd,+0:15.41,01:31.4,01:18.0, , , , , ,01:18.0,58th,+0:17.70
E,74th,373,James RansonInstagram,Drop in,Ebike | Male 35-49,07:06.1,+1:22.32,02:19.0,02:08.5,02:07.5,02:01.4,01:59.5,01:59.1,02:10.1,01:54.8,01:54.8,34th,+0:14.89,02:51.4,02:33.9, , , , , , ,02:33.9,91st,+0:38.56,01:16.9,01:13.6, , , ,01:13.6,66th,+0:12.41,01:33.1,01:23.9, , , , , ,01:23.9,77th,+0:23.64
E,75th,366,James Bracey,Cannondale / Tailfin,Ebike | Male 35-49,07:06.2,+1:22.45,02:12.5,02:04.5, , , , , , ,02:04.5,74th,+0:24.60,02:33.8, , , , , , , ,02:33.8,90th,+0:38.46,01:14.9,01:15.4,01:13.7, , ,01:13.7,67th,+0:12.47,01:23.7,01:22.2,01:14.4,01:17.9, , , ,01:14.4,42nd,+0:14.10
E,76th,109,Jon Hanby,Ace Mcool Racing,Ebike | Male 35-49,07:08.1,+1:24.33,02:27.6,02:07.7, , , , , , ,02:07.7,81st,+0:27.84,02:34.6,02:21.0, , , , , , ,02:21.0,62nd,+0:25.71,01:17.0,01:14.4, , , ,01:14.4,73rd,+0:13.16,01:40.5,01:25.1, , , , , ,01:25.1,81st,+0:24.80
E,77th,38,Gareth Williams, ,Ebike | Male 35-49,07:10.1,+1:26.33,02:25.5,02:15.6,02:05.9,02:11.3, , , , ,02:05.9,78th,+0:25.99,02:27.5,02:19.2,02:22.1, , , , , ,02:19.2,58th,+0:23.90,01:21.0,01:17.3, , , ,01:17.3,85th,+0:16.06,01:59.5,01:27.8,01:34.2, , , , ,01:27.8,84th,+0:27.56
E,78th,338,Simon Coventry,sicomtbproducts.com,Ebike | Male 50-59,07:10.4,+1:26.59,02:09.1, , , , , , , ,02:09.1,86th,+0:29.19,02:29.0, , , , , , , ,02:29.0,82nd,+0:33.71,01:14.0,01:17.0, , , ,01:14.0,71st,+0:12.81,01:19.5,01:18.3,01:19.3,01:57.9, , , ,01:18.3,59th=,+0:18.06
E,79th,399,Josh Clark, ,Ebike | Male Under 35,07:18.8,+1:35.06,02:23.8,02:11.1,02:08.7, , , , , ,02:08.7,85th,+0:28.79,02:38.4,02:57.0,02:25.3, , , , , ,02:25.3,74th,+0:30.06,01:17.3, , , , ,01:17.3,86th,+0:16.10,01:27.5, , , , , , ,01:27.5,83rd,+0:27.29
E,80th,286,Joe Ringrose,Jam Splits,Ebike | Male Under 35,07:18.9,+1:35.09,02:49.5,02:13.4,02:08.5, , , , , ,02:08.5,84th,+0:28.60,02:40.8,02:25.8, , , , , , ,02:25.8,76th,+0:30.55,01:21.2,01:16.7,01:15.9, , ,01:15.9,78th,+0:14.71,01:41.8,01:28.7, , , , , ,01:28.7,85th,+0:28.41
E,81st,290,Sam Hunt, ,Ebike | Male Under 35,07:19.6,+1:35.83,02:11.0,02:01.2, , , , , , ,02:01.2,63rd,+0:21.34,02:38.2, , , , , , , ,02:38.2,95th,+0:42.90,01:13.5,01:11.2, , , ,01:11.2,52nd,+0:10.02,01:29.0,03:05.2, , , , , ,01:29.0,87th,+0:28.75
E,82nd,139,Jay Johnson,South Wales Syndicate,Ebike | Male Under 35,07:20.0,+1:36.28,02:20.1,02:05.2,02:06.7, , , , , ,02:05.2,75th,+0:25.30,03:35.6,02:40.7,02:21.4, , , , , ,02:21.4,64th,+0:26.16,01:20.6,01:27.3, , , ,01:20.6,93rd,+0:19.40,01:41.1,01:32.8, , , , , ,01:32.8,91st,+0:32.60
E,83rd,314,Brittany Littlewood, ,Ebike | Female 35-49,07:20.2,+1:36.42,02:22.9,02:11.6,02:10.5,02:08.3, , , , ,02:08.3,83rd,+0:28.43,02:41.4,02:31.4, , , , , , ,02:31.4,87th,+0:36.07,01:18.4,01:18.1, , , ,01:18.1,87th,+0:16.95,01:39.6,01:35.2,01:22.4, , , , ,01:22.4,73rd,+0:22.15
E,84th,24,Sam RoseInstagram, ,Ebike | Male Under 35,07:23.9,+1:40.12,02:20.2,02:06.6, , , , , , ,02:06.6,79th,+0:26.78,05:28.0,02:30.4,02:41.2,02:27.8, , , , ,02:27.8,79th,+0:32.46,01:29.9,01:15.7, , , ,01:15.7,77th,+0:14.51,01:53.8,01:43.6,01:33.8,01:40.8, , , ,01:33.8,94th,+0:33.55
E,85th,315,Peter Couldridge, ,Ebike | Male 35-49,07:24.3,+1:40.49,02:37.3,02:12.0,02:09.5, , , , , ,02:09.5,88th,+0:29.64,02:38.7,02:36.4, , , , , , ,02:36.4,94th,+0:41.12,01:18.9, , , , ,01:18.9,88th,+0:17.72,01:27.0,01:19.4, , , , , ,01:19.4,64th,+0:19.19
E,86th,146,Nigel Thomas, ,Ebike | Male 50-59,07:27.9,+1:44.08,02:18.6,02:07.9,02:09.8,02:13.3, , , , ,02:07.9,82nd,+0:28.08,02:47.3,02:30.7,02:35.7, , , , , ,02:30.7,85th,+0:35.37,01:38.6,01:21.2,01:20.0, , ,01:20.0,92nd,+0:18.77,01:37.8,01:37.8,01:29.3, , , , ,01:29.3,88th,+0:29.04
E,87th,261,Phillip Nicholson,SilkCyclesExeter,Ebike | Male 35-49,07:28.2,+1:44.39,02:50.8,02:15.3, , , , , , ,02:15.3,94th,+0:35.44,02:36.7,02:31.1, , , , , , ,02:31.1,86th,+0:35.86,01:19.9,01:16.8, , , ,01:16.8,83rd,+0:15.62,01:39.5,01:34.0,01:29.1,01:24.9, , , ,01:24.9,80th,+0:24.65
E,88th,244,Shaun Daly, ,Ebike | Male 50-59,07:29.5,+1:45.71,02:16.6,02:05.4,02:04.3, , , , , ,02:04.3,73rd,+0:24.43,02:35.2,02:36.9, , , , , , ,02:35.2,93rd,+0:39.90,01:18.0,01:15.0, , , ,01:15.0,75th,+0:13.81,01:35.0, , , , , , ,01:35.0,96th,+0:34.75
E,89th,90,Pete Anthoney,Miltech MTB,Ebike | Male 50-59,07:29.7,+1:45.89,02:18.5,02:12.4,02:09.5, , , , , ,02:09.5,87th,+0:29.60,02:44.4,02:29.7, , , , , , ,02:29.7,83rd,+0:34.42,01:22.7,01:19.1, , , ,01:19.1,89th,+0:17.96,01:31.3,01:31.9, , , , , ,01:31.3,90th,+0:31.09
E,90th,23,Jaden RoseFacebookInstagramStrava, ,Ebike | Male 50-59,07:30.8,+1:46.99,02:30.4,02:14.4, , , , , , ,02:14.4,92nd,+0:34.55,02:51.0,02:43.8,02:31.6,02:27.6, , , , ,02:27.6,78th,+0:32.31,01:25.1,01:39.8, , , ,01:25.1,99th,+0:23.91,01:48.2,01:36.2,01:23.7,01:52.6, , , ,01:23.7,75th,+0:23.40
E,91st,243,Dayne Worgan, ,Ebike | Male 35-49,07:36.4,+1:52.63,02:18.0,02:12.0,02:15.9, , , , , ,02:12.0,91st,+0:32.14,02:38.0,02:34.2, , , , , , ,02:34.2,92nd,+0:38.91,01:20.1,01:17.1, , , ,01:17.1,84th,+0:15.86,01:33.1, , , , , , ,01:33.1,92nd,+0:32.90
E,92nd,110,P.J. Wogan, ,Ebike | Male 35-49,07:37.3,+1:53.53,02:22.9,02:16.1,02:11.3, , , , , ,02:11.3,90th,+0:31.39,02:40.8, , , , , , , ,02:40.8,99th,+0:45.56,01:21.6,01:17.3,01:15.4, , ,01:15.4,76th,+0:14.16,02:31.6,01:29.9,01:38.5, , , , ,01:29.9,89th,+0:29.60
E,93rd,161,DJ Morton,DJM Racing,Ebike | Male 35-49,07:46.5,+2:02.71,02:21.7,02:17.2,04:05.6, , , , , ,02:17.2,95th,+0:37.34,03:03.2,02:29.9, , , , , , ,02:29.9,84th,+0:34.61,01:28.3,01:25.3,01:26.4, , ,01:25.3,100th,+0:24.15,01:39.1,01:34.0, , , , , ,01:34.0,95th,+0:33.79
E,94th,237,Paul Coley, ,Ebike | Male Under 35,07:48.5,+2:04.68,02:25.2,02:20.0,02:22.2, , , , , ,02:20.0,100th,+0:40.09,02:33.9,02:26.8, , , , , , ,02:26.8,77th,+0:31.46,01:28.1,01:25.6,01:19.8, , ,01:19.8,91st,+0:18.66,01:41.9, , , , , , ,01:41.9,104th,+0:41.65
E,95th,301,Rene Stent, ,Ebike | Female 35-49,07:48.9,+2:05.15,02:42.4,02:30.2,02:27.4,02:20.3, , , , ,02:20.3,101st,+0:40.45,02:59.6,02:46.7,02:39.1, , , , , ,02:39.1,96th,+0:43.82,01:24.0,01:22.7, , , ,01:22.7,95th,+0:21.56,01:41.9,01:38.2,01:26.8, , , , ,01:26.8,82nd,+0:26.50
E,96th,169,Jonathan BridgesFacebook, ,Ebike | Male 50-59,07:51.4,+2:07.60,02:26.3,02:23.8,02:27.1, , , , , ,02:23.8,103rd,+0:43.90,02:40.7,02:33.0,02:37.0, , , , , ,02:33.0,88th,+0:37.66,01:25.9,01:25.9, , , ,01:25.9,101st,+0:24.71,01:41.8,01:36.3,01:28.8,01:44.7, , , ,01:28.8,86th,+0:28.51
E,97th,45,Rob Hanley,Knox Boys,Ebike | Male 35-49,07:58.8,+2:15.08,02:26.7,02:16.6,02:09.6, , , , , ,02:09.6,89th,+0:29.73,02:33.5, , , , , , , ,02:33.5,89th,+0:38.21,01:22.9, , , , ,01:22.9,96th,+0:21.72,01:52.9, , , , , , ,01:52.9,106th,+0:52.60
E,98th,272,Lee GreenoughInstagram,The Collective Race Team,Ebike | Male 35-49,08:05.7,+2:21.93,02:29.4,02:21.5,02:17.3,02:25.7, , , , ,02:17.3,96th,+0:37.43,02:53.8,03:10.7,02:56.1, , , , , ,02:53.8,103rd,+0:58.52,01:20.9, , , , ,01:20.9,94th,+0:19.76,01:53.3,01:34.3,01:33.7,01:40.0, , , ,01:33.7,93rd,+0:33.40
E,99th,133,Joshua Hastie, ,Ebike | Male Under 35,08:13.0,+2:29.20,02:31.3,02:24.5, , , , , , ,02:24.5,104th,+0:44.60,02:50.0,02:55.4, , , , , , ,02:50.0,101st,+0:54.76,01:19.8,01:24.0, , , ,01:19.8,90th,+0:18.56,01:38.7, , , , , , ,01:38.7,100th=,+0:38.46
E,100th,269,Steffan OwenInstagram, ,Ebike | Male Under 35,08:14.6,+2:30.85,02:25.7,02:26.6, , , , , , ,02:25.7,105th,+0:45.85,02:58.2,03:25.3,02:40.4, , , , , ,02:40.4,98th,+0:45.12,01:34.5,01:26.3, , , ,01:26.3,102nd,+0:25.12,01:48.7,01:42.2, , , , , ,01:42.2,105th,+0:41.94
E,101st,156,Andy Musson,Wheelpro.co.uk,Ebike | Male 50-59,08:25.9,+2:42.13,02:42.2,02:18.5, , , , , , ,02:18.5,97th,+0:38.64,03:10.0,02:45.6, , , , , , ,02:45.6,100th,+0:50.30,01:41.3,01:26.6, , , ,01:26.6,103rd,+0:25.41,01:55.2,01:59.3, , , , , ,01:55.2,109th,+0:54.96
E,102nd,138,Andy Merrett,South Wales Syndicate,Ebike | Male 50-59,08:30.3,+2:46.53,02:27.2, , , , , , , ,02:27.2,107th,+0:47.34,03:02.3, , , , , , , ,03:02.3,109th,+1:07.00,01:24.0, , , , ,01:24.0,98th,+0:22.81,01:41.6,01:36.8, , , , , ,01:36.8,99th,+0:36.56
E,103rd,5,Katie DrakeInstagram,Team Fat Creations,Ebike | Female 35-49,08:38.1,+2:54.31,02:36.2,02:31.4,02:29.1, , , , , ,02:29.1,108th,+0:49.24,03:14.0,02:56.2, , , , , , ,02:56.2,104th,+1:00.90,01:35.2,01:31.5, , , ,01:31.5,105th,+0:30.31,01:41.3,01:50.9, , , , , ,01:41.3,103rd,+0:41.04
E,104th,28,Michelle LambertInstagram,Zerobikes,Ebike | Female 35-49,08:38.2,+2:54.40,02:36.6,02:27.4,02:27.0, , , , , ,02:27.0,106th,+0:47.10,03:13.3,02:57.0, , , , , , ,02:57.0,105th,+1:01.71,01:35.3,02:06.7, , , ,01:35.3,109th,+0:34.12,01:49.5,01:38.9, , , , , ,01:38.9,102nd,+0:38.65
E,105th,214,Paul Steddy, ,Ebike | Male 60+,08:43.1,+2:59.31,02:48.5,02:36.6, , , , , , ,02:36.6,110th,+0:56.79,03:36.9,03:00.6,03:00.6, , , , , ,03:00.6,108th,+1:05.27,01:36.6,01:32.4,01:29.7, , ,01:29.7,104th,+0:28.47,01:56.5,01:39.8,01:36.2,01:39.1, , , ,01:36.2,98th,+0:35.96
E,106th,371,Nick HillInstagramStrava,Knox Boys,Ebike | Male 35-49,08:48.0,+3:04.19,02:34.6,02:19.8,02:14.7, , , , , ,02:14.7,93rd,+0:34.84,02:53.5, , , , , , , ,02:53.5,102nd,+0:58.17,01:45.3, , , , ,01:45.3,112th,+0:44.16,01:54.5, , , , , , ,01:54.5,108th,+0:54.20
E,107th,29,Cain Davies, ,Ebike | Male Under 35,08:51.4,+3:07.65,03:06.2,04:41.4, , , , , , ,03:06.2,113th,+1:26.35,02:57.9, , , , , , , ,02:57.9,106th,+1:02.57,01:23.1, , , , ,01:23.1,97th,+0:21.91,01:24.3,01:46.5, , , , , ,01:24.3,79th,+0:24.00
E,108th,49,Rhys Paul,Knox Boys,Ebike | Male 35-49,08:52.9,+3:09.08,02:33.3,02:22.9,02:18.6, , , , , ,02:18.6,98th,+0:38.75,03:00.5, , , , , , , ,03:00.5,107th,+1:05.21,01:32.1, , , , ,01:32.1,108th,+0:30.95,02:01.6, , , , , , ,02:01.6,111th,+1:01.35
E,109th,83,Rhodri Smith,Knox Boys,Ebike | Male 35-49,09:01.7,+3:17.91,02:43.6,02:27.5,02:22.4, , , , , ,02:22.4,102nd,+0:42.55,03:08.8, , , , , , , ,03:08.8,111th,+1:13.47,01:31.7, , , , ,01:31.7,107th,+0:30.51,01:58.8, , , , , , ,01:58.8,110th,+0:58.56
E,110th,232,Elizabeth GreavesInstagram,Cannondale,Ebike | Female 35-49,09:03.8,+3:20.04,02:43.6,02:34.5, , , , , , ,02:34.5,109th,+0:54.60,03:04.6,03:04.8, , , , , , ,03:04.6,110th,+1:09.31,01:35.2,01:31.6,01:34.9, , ,01:31.6,106th,+0:30.46,02:08.4,01:59.3,01:53.1,01:59.4, , , ,01:53.1,107th,+0:52.85
E,111th,225,Lawrence Everest, ,Ebike | Male 35-49,09:58.1,+4:14.29,03:27.3,02:57.5, , , , , , ,02:57.5,112th,+1:17.68,03:16.8,03:10.5, , , , , , ,03:10.5,112th,+1:15.22,01:38.9,01:39.8, , , ,01:38.9,110th,+0:37.67,02:11.1,02:12.7, , , , , ,02:11.1,112th,+1:10.90
E,112th,32,Matthew Hill, ,Ebike | Male 35-49,10:39.2,+4:55.42,02:49.0,02:42.3, , , , , , ,02:42.3,111th,+1:02.39,03:47.7, , , , , , , ,03:47.7,113th,+1:52.46,01:39.6, , , , ,01:39.6,111th,+0:38.46,02:29.5, , , , , , ,02:29.5,113th,+1:29.29
E,113th,52,Ben Allen,Ride Bike Wales,Ebike | Male 35-49,13:53.4,+8:09.61,05:39.0, , , , , , , ,05:39.0,114th,+3:59.19,06:49.1,02:39.3, , , , , , ,02:39.3,97th,+0:44.02,03:56.3, , , , ,03:56.3,113th,+2:55.12,01:38.7, , , , , , ,01:38.7,100th=,+0:38.46
E, ,362,Benjamin KilleenInstagram, ,Ebike | Male 35-49,DNF, ,02:28.4,02:19.7,14:18.2, , , , , ,02:19.7,99th,+0:39.80, , , , , , , , , , , , , , , , , , , , , , , , , , , , , 
